Date,High,Low,Open,Close,Volume,Adj Close,MA,Trend,Ntrend,S1,S2,Trading Signal
2005-01-03,1.1626789569854736,1.1178569793701172,1.1567859649658203,1.1301790475845337,691992000.0,0.9749495983123779,1.1493928670883178,,,1.141785979270935,1.151785969734192,
2005-01-04,1.1691069602966309,1.1244640350341797,1.1391069889068604,1.141785979270935,1096810400.0,0.9849624037742615,1.1482381343841552,,,1.151785969734192,1.1526789665222168,
2005-01-05,1.1651790142059326,1.1437499523162842,1.1510709524154663,1.151785969734192,680433600.0,0.993588924407959,1.1472976684570313,,,1.1526789665222168,1.2366069555282593,
2005-01-06,1.159106969833374,1.1308929920196533,1.1548210382461548,1.1526789665222168,705555200.0,0.9943593740463257,1.1464524666468303,,,1.2366069555282593,1.2314289808273315,
2005-01-07,1.2433929443359375,1.15625,1.160714030265808,1.2366069555282593,2227450400.0,1.0667595863342285,1.1496071974436441,,,1.2314289808273315,1.1528569459915161,
2005-01-10,1.2625000476837158,1.2121429443359375,1.2469639778137207,1.2314289808273315,1725309600.0,1.0622930526733398,1.1543333927790325,Up,,1.1528569459915161,1.1689289808273315,1.0
2005-01-11,1.2348209619522095,1.1453570127487183,1.21875,1.1528569459915161,2611627200.0,0.9945131540298462,1.1565238555272421,,Up,1.1689289808273315,1.2464289665222168,0.5
2005-01-12,1.176785945892334,1.130357027053833,1.1687500476837158,1.1689289808273315,1919702400.0,1.0083773136138916,1.1586310545603433,Up,,1.2464289665222168,1.2535710334777832,0.5
2005-01-13,1.3289289474487305,1.2451790571212769,1.316249966621399,1.2464289665222168,3164716800.0,1.075232744216919,1.1658334493637086,Up,,1.2535710334777832,1.261607050895691,0.5
2005-01-14,1.2807140350341797,1.235535979270935,1.254464030265808,1.2535710334777832,1770742400.0,1.081394076347351,1.1732024510701498,Up,,1.261607050895691,1.2478569746017456,0.7077828062144542
2005-01-18,1.2625000476837158,1.2098209857940674,1.2473210096359253,1.261607050895691,1006460000.0,1.0883257389068604,1.182119123140971,Up,,1.2478569746017456,1.258213996887207,1.0
2005-01-19,1.2760709524154663,1.245535969734192,1.2587499618530273,1.2478569746017456,751895200.0,1.0764647722244263,1.1889048576354981,Up,,1.258213996887207,1.2587499618530273,0.5
2005-01-20,1.2726789712905884,1.2405359745025635,1.243749976158142,1.258213996887207,914922400.0,1.0853991508483887,1.1960715214411417,Up,,1.2587499618530273,1.26357102394104,0.5
2005-01-21,1.2785710096359253,1.25,1.2733930349349976,1.2587499618530273,911332800.0,1.085861086845398,1.202845319112142,Up,,1.26357102394104,1.286607027053833,0.5
2005-01-24,1.2817859649658203,1.2598210573196411,1.2675000429153442,1.26357102394104,841629600.0,1.0900204181671143,1.2104167222976685,Up,,1.286607027053833,1.2901790142059326,0.5
2005-01-25,1.3007140159606934,1.266785979270935,1.2744640111923218,1.286607027053833,969231200.0,1.10989248752594,1.2208452542622885,Up,,1.2901790142059326,1.2971429824829102,0.5
2005-01-26,1.2991069555282593,1.2717859745025635,1.2975000143051147,1.2901790142059326,739496800.0,1.1129738092422485,1.2307381232579548,Up,,1.2971429824829102,1.3210710287094116,0.5
2005-01-27,1.3021429777145386,1.2776789665222168,1.2885710000991821,1.2971429824829102,496227200.0,1.118981122970581,1.240428590774536,Up,,1.3210710287094116,1.3732140064239502,0.5
2005-01-28,1.3210710287094116,1.2935709953308105,1.2967859506607056,1.3210710287094116,801612000.0,1.1396222114562988,1.2516547282536825,Up,,1.3732140064239502,1.3844640254974365,0.5
2005-01-31,1.3908929824829102,1.3305360078811646,1.331786036491394,1.3732140064239502,1681097600.0,1.1846040487289429,1.2607618649800618,Up,,1.3844640254974365,1.4219640493392944,0.5
2005-02-01,1.3887499570846558,1.3674999475479126,1.375892996788025,1.3844640254974365,678395200.0,1.1943086385726929,1.2709642012914022,Up,,1.4219640493392944,1.389464020729065,0.5
2005-02-02,1.4269640445709229,1.3873209953308105,1.3919639587402344,1.4219640493392944,1020062400.0,1.2266584634780884,1.2889046748479207,Up,,1.389464020729065,1.4078569412231445,1.0
2005-02-03,1.4183930158615112,1.3808929920196533,1.412500023841858,1.389464020729065,731651200.0,1.1986219882965088,1.3036070108413695,Up,,1.4078569412231445,1.4096430540084839,0.5
2005-02-04,1.4094640016555786,1.3844640254974365,1.3905359506607056,1.4078569412231445,563556000.0,1.2144885063171387,1.3143688758214316,Up,,1.4096430540084839,1.4446430206298828,0.5
2005-02-07,1.416964054107666,1.3839290142059326,1.4094640016555786,1.4096430540084839,524456800.0,1.2160295248031616,1.3247736771901448,Up,,1.4446430206298828,1.4060709476470947,0.5463043088581618
2005-02-08,1.4532140493392944,1.4069639444351196,1.4119640588760376,1.4446430206298828,890019200.0,1.2462220191955566,1.3369760751724242,Up,,1.4060709476470947,1.3992860317230225,1.0
2005-02-09,1.4641070365905762,1.394642949104309,1.4471429586410522,1.4060709476470947,1191456000.0,1.212947964668274,1.3475236733754477,Up,,1.3992860317230225,1.4501789808273315,0.5666587026639589
2005-02-10,1.4157140254974365,1.3689290285110474,1.4057140350341797,1.3992860317230225,1093019200.0,1.2070951461791992,1.3569284756978353,Up,,1.4501789808273315,1.5112500190734863,0.5
2005-02-11,1.4600000381469727,1.4096430540084839,1.426071047782898,1.4501789808273315,1201054400.0,1.2509979009628296,1.3696904102961223,Up,,1.5112500190734863,1.5787500143051147,0.5
2005-02-14,1.5141069889068604,1.4651789665222168,1.4773210287094116,1.5112500190734863,1271463200.0,1.3036807775497437,1.386202343304952,Up,,1.5787500143051147,1.6094640493392944,0.5
2005-02-15,1.5907139778137207,1.535714030265808,1.5475000143051147,1.5787500143051147,2312217600.0,1.3619096279144287,1.4056785424550375,Up,,1.6094640493392944,1.5680359601974487,0.629309054914193
2005-02-16,1.6107139587402344,1.5598210096359253,1.574107050895691,1.6094640493392944,1639243200.0,1.3884048461914062,1.4269642114639283,Up,,1.5680359601974487,1.5501790046691895,1.0
2005-02-17,1.6228569746017456,1.561607003211975,1.618749976158142,1.5680359601974487,1518473600.0,1.352667212486267,1.445023743311564,Up,,1.5501790046691895,1.523036003112793,1.0
2005-02-18,1.5689289569854736,1.5401790142059326,1.5667860507965088,1.5501790046691895,1163254400.0,1.3372629880905151,1.4602976083755492,Up,,1.523036003112793,1.5755360126495361,0.7585047297696196
2005-02-22,1.5767860412597656,1.523036003112793,1.5410710573196411,1.523036003112793,1219293600.0,1.3138482570648193,1.4702857414881387,Up,,1.5755360126495361,1.5880359411239624,0.5
2005-02-23,1.5794639587402344,1.5276789665222168,1.548570990562439,1.5755360126495361,1345181600.0,1.3591370582580566,1.4830238739649455,Up,,1.5880359411239624,1.5891070365905762,0.5
2005-02-24,1.5948209762573242,1.5666069984436035,1.5800000429153442,1.5880359411239624,1519028000.0,1.369919776916504,1.4940953334172566,Up,,1.5891070365905762,1.6021430492401123,0.5
2005-02-25,1.6055359840393066,1.5748209953308105,1.6003570556640625,1.5891070365905762,915510400.0,1.3708440065383911,1.507404867808024,Up,,1.6021430492401123,1.589285969734192,0.5
2005-02-28,1.6121430397033691,1.5700000524520874,1.5957139730453491,1.6021430492401123,651610400.0,1.382089614868164,1.5203572750091552,Up,,1.589285969734192,1.5757139921188354,1.0
2005-03-01,1.611070990562439,1.5771429538726807,1.6067860126495361,1.589285969734192,468188000.0,1.370998501777649,1.5323334693908692,Up,,1.5757139921188354,1.4924999475479126,1.0
2005-03-02,1.6032140254974365,1.5742859840393066,1.5803569555282593,1.5757139921188354,458161200.0,1.3592908382415771,1.5410715341567993,Up,,1.4924999475479126,1.5289289951324463,1.0
2005-03-03,1.5860710144042969,1.4721430540084839,1.584643006324768,1.4924999475479126,1411653600.0,1.2875059843063354,1.5468334674835205,Down,,1.5289289951324463,1.526785969734192,0.0
2005-03-04,1.5360709428787231,1.494642972946167,1.5271430015563965,1.5289289951324463,756618800.0,1.3189315795898438,1.5554763317108153,,Down,1.526785969734192,1.4474999904632568,0.5
2005-03-07,1.5446430444717407,1.5125000476837158,1.5285710096359253,1.526785969734192,450632000.0,1.3170826435089111,1.5605834643046061,,Down,1.4474999904632568,1.405357003211975,0.5
2005-03-08,1.5057140588760376,1.432142972946167,1.4964289665222168,1.4474999904632568,1021451200.0,1.24868643283844,1.5563334623972576,Down,,1.405357003211975,1.4225000143051147,0.5
2005-03-09,1.4385709762573242,1.3867859840393066,1.4157140254974365,1.405357003211975,1322465200.0,1.2123323678970337,1.5447739283243815,Down,,1.4225000143051147,1.4382139444351196,0.0
2005-03-10,1.4378570318222046,1.3964289426803589,1.4117859601974487,1.4225000143051147,777109200.0,1.2271205186843872,1.5323096593221028,Down,,1.4382139444351196,1.440000057220459,0.0
2005-03-11,1.4496430158615112,1.4214290380477905,1.4360710382461548,1.4382139444351196,632830800.0,1.2406760454177856,1.523654858271281,Down,,1.440000057220459,1.4628570079803467,0.0
2005-03-14,1.456786036491394,1.4114290475845337,1.4471429586410522,1.440000057220459,605385200.0,1.2422165870666504,1.5163095951080323,Down,,1.4628570079803467,1.4707139730453491,0.0
2005-03-15,1.4692859649658203,1.4375,1.451429009437561,1.4628570079803467,508608800.0,1.2619343996047974,1.5122976620992026,Down,,1.4707139730453491,1.5089290142059326,0.0
2005-03-16,1.511070966720581,1.4564290046691895,1.4717860221862793,1.4707139730453491,697813200.0,1.2687122821807861,1.50530952612559,Down,,1.5089290142059326,1.5342860221862793,0.0
2005-03-17,1.5314290523529053,1.4757139682769775,1.483214020729065,1.5089290142059326,801920000.0,1.3016785383224487,1.5000357309977213,Up,,1.5342860221862793,1.5607140064239502,0.5
2005-03-18,1.551429033279419,1.5178569555282593,1.5475000143051147,1.5342860221862793,940150400.0,1.3235527276992798,1.4963809967041015,Up,,1.5607140064239502,1.5296430587768555,0.5747155101633659
2005-03-21,1.5703569650650024,1.5307140350341797,1.5460710525512695,1.5607140064239502,541128000.0,1.3463505506515503,1.4936190605163575,Up,,1.5296430587768555,1.519642949104309,1.0
2005-03-22,1.5700000524520874,1.5242860317230225,1.5610710382461548,1.5296430587768555,551415200.0,1.319547414779663,1.489642866452535,,Up,1.519642949104309,1.5178569555282593,1.0
2005-03-23,1.5499999523162842,1.5007139444351196,1.5160709619522095,1.519642949104309,609823200.0,1.3109210729599,1.4859047969182333,,Up,1.5178569555282593,1.5189290046691895,1.0
2005-03-24,1.535714030265808,1.5178569555282593,1.5325000286102295,1.5178569555282593,352704800.0,1.3093799352645874,1.487595264116923,,Up,1.5189290046691895,1.4910709857940674,0.9807586974196585
2005-03-28,1.5342860221862793,1.516785979270935,1.526785969734192,1.5189290046691895,275410800.0,1.3103049993515015,1.4869285980860392,,Up,1.4910709857940674,1.5285710096359253,0.8714400155130924
2005-03-29,1.5296430587768555,1.4821430444717407,1.5199999809265137,1.4910709857940674,461356000.0,1.2862731218338013,1.4845475991566977,,Up,1.5285710096359253,1.4882140159606934,0.5353962172748191
2005-03-30,1.5285710096359253,1.4935710430145264,1.502500057220459,1.5285710096359253,394959600.0,1.3186230659484863,1.4899523337682088,Up,,1.4882140159606934,1.4603569507598877,1.0
2005-03-31,1.5185710191726685,1.4853570461273193,1.5160709619522095,1.4882140159606934,636134800.0,1.2838088274002075,1.4954761346181233,Down,,1.4603569507598877,1.4674999713897705,0.5
2005-04-01,1.5064289569854736,1.448928952217102,1.5032140016555786,1.4603569507598877,641284000.0,1.2597780227661133,1.4979999303817748,Down,,1.4674999713897705,1.4960709810256958,0.0
2005-04-04,1.4753570556640625,1.4342859983444214,1.4639290571212769,1.4674999713897705,580014400.0,1.2659398317337036,1.4999523321787516,,Down,1.4960709810256958,1.5117859840393066,0.0
2005-04-05,1.5085710287094116,1.4674999713897705,1.4721430540084839,1.4960709810256958,556239600.0,1.290586233139038,1.5036903937657675,,Down,1.5117859840393066,1.5557140111923218,0.0
2005-04-06,1.5289289951324463,1.505357027053833,1.5142860412597656,1.5117859840393066,414825600.0,1.304142951965332,1.5069523255030315,Up,,1.5557140111923218,1.5621429681777954,0.5
2005-04-07,1.5625,1.5089290142059326,1.5117859840393066,1.5557140111923218,506987600.0,1.342037558555603,1.5126189947128297,Up,,1.5621429681777954,1.497143030166626,0.9505464375645336
2005-04-08,1.587499976158142,1.5549999475479126,1.5607140064239502,1.5621429681777954,649950000.0,1.3475838899612427,1.516166591644287,Up,,1.497143030166626,1.5235710144042969,1.0
2005-04-11,1.5803569555282593,1.4967859983444214,1.5767860412597656,1.497143030166626,821662800.0,1.2915111780166626,1.5136903921763103,,Up,1.5235710144042969,1.4657139778137207,0.7716095932748177
2005-04-12,1.5425000190734863,1.5003570318222046,1.5175000429153442,1.5235710144042969,981061200.0,1.3143095970153809,1.5112141927083333,,Up,1.4657139778137207,1.3307139873504639,1.0
2005-04-13,1.5353569984436035,1.4424999952316284,1.5339289903640747,1.4657139778137207,1371946800.0,1.2643992900848389,1.5069522539774576,Down,,1.3307139873504639,1.2625000476837158,0.5
2005-04-14,1.4128570556640625,1.3157140016555786,1.386070966720581,1.3307139873504639,2753192400.0,1.1479412317276,1.4943569898605347,Down,,1.2625000476837158,1.272143006324768,0.5
2005-04-15,1.3303569555282593,1.2599999904632568,1.3078570365905762,1.2625000476837158,1728087200.0,1.0890966653823853,1.4773331960042317,Down,,1.272143006324768,1.3246430158615112,0.0
2005-04-18,1.2964290380477905,1.214285969734192,1.25,1.272143006324768,1327177600.0,1.0974150896072388,1.4608807961146038,Down,,1.3246430158615112,1.2682139873504639,0.034813810178700826
2005-04-19,1.3371429443359375,1.2810709476470947,1.307142972946167,1.3246430158615112,1081642800.0,1.1427037715911865,1.4497855981191,Down,,1.2682139873504639,1.3278570175170898,0.47305635170949906
2005-04-20,1.3478569984436035,1.2657140493392944,1.3450000286102295,1.2682139873504639,945131600.0,1.094025731086731,1.4324284633000692,Down,,1.3278570175170898,1.2678569555282593,0.0029752621111546005
2005-04-21,1.3289289474487305,1.282142996788025,1.2999999523162842,1.3278570175170898,759592400.0,1.1454768180847168,1.4217379967371622,Down,,1.2678569555282593,1.320713996887207,0.5
2005-04-22,1.3214290142059326,1.2464289665222168,1.3157140016555786,1.2678569555282593,839129200.0,1.0937174558639526,1.4089046637217204,Down,,1.320713996887207,1.2925000190734863,0.0
2005-04-25,1.3221429586410522,1.2896430492401123,1.3032139539718628,1.320713996887207,746460400.0,1.1393146514892578,1.3991189320882162,Down,,1.2925000190734863,1.2839289903640747,0.5
2005-04-26,1.3396430015563965,1.2899999618530273,1.3135709762573242,1.2925000190734863,810507600.0,1.1149758100509644,1.3855475346247355,Down,,1.2839289903640747,1.269286036491394,0.5
2005-04-27,1.298570990562439,1.2682139873504639,1.2817859649658203,1.2839289903640747,613888800.0,1.1075818538665771,1.3703570683797202,Down,,1.269286036491394,1.2878570556640625,0.3942420643836056
2005-04-28,1.2978570461273193,1.2585710287094116,1.2960710525512695,1.269286036491394,575106000.0,1.0949501991271973,1.3512618700663248,Down,,1.2878570556640625,1.301071047782898,0.0
2005-04-29,1.2939289808273315,1.2578569650650024,1.2910710573196411,1.2878570556640625,671630400.0,1.1109707355499268,1.3329761425654094,Down,,1.301071047782898,1.293213963508606,0.0
2005-05-02,1.3089289665222168,1.2864290475845337,1.293213963508606,1.301071047782898,465920000.0,1.122369647026062,1.3199046770731608,Down,,1.293213963508606,1.3267860412597656,0.11701814127397266
2005-05-03,1.3121429681777954,1.2867859601974487,1.2999999523162842,1.293213963508606,496739600.0,1.1155916452407837,1.3045475403467814,Down,,1.3267860412597656,1.309999942779541,0.0
2005-05-04,1.3285709619522095,1.2892860174179077,1.2896430492401123,1.3267860412597656,448176400.0,1.1445530652999878,1.2952856779098512,Up,,1.309999942779541,1.3300000429153442,0.9196503609043172
2005-05-05,1.3310710191726685,1.3025000095367432,1.3303569555282593,1.309999942779541,387366000.0,1.1300724744796753,1.2939047416051228,,Up,1.3300000429153442,1.3203569650650024,0.5
2005-05-06,1.3332140445709229,1.3139289617538452,1.3174999952316284,1.3300000429153442,326247600.0,1.1473256349563599,1.2984047412872315,Up,,1.3203569650650024,1.3007140159606934,1.0
2005-05-09,1.337499976158142,1.3125,1.3314290046691895,1.3203569650650024,355695200.0,1.1390068531036377,1.301619005203247,Up,,1.3007140159606934,1.2717859745025635,1.0
2005-05-10,1.3303569555282593,1.2975000143051147,1.3125,1.3007140159606934,440263600.0,1.1220614910125732,1.3000237385431925,,Up,1.2717859745025635,1.2189290523529053,1.0
2005-05-11,1.2739289999008179,1.1825000047683716,1.2571430206298828,1.2717859745025635,2041981200.0,1.097106695175171,1.3002618710199991,Down,,1.2189290523529053,1.241786003112793,0.5
2005-05-12,1.271070957183838,1.214285969734192,1.2649999856948853,1.2189290523529053,970242000.0,1.0515097379684448,1.2930000066757201,Down,,1.241786003112793,1.269642949104309,0.0
2005-05-13,1.258213996887207,1.2167860269546509,1.2214289903640747,1.241786003112793,702713200.0,1.0712275505065918,1.291261943181356,Down,,1.269642949104309,1.2628569602966309,0.0
2005-05-16,1.274999976158142,1.233214020729065,1.2342859506607056,1.269642949104309,474294800.0,1.0952578783035278,1.287857206662496,Down,,1.2628569602966309,1.2799999713897705,0.19792289612394476
2005-05-17,1.2664289474487305,1.2335710525512695,1.2549999952316284,1.2628569602966309,588344400.0,1.0894042253494263,1.2858810027440388,Down,,1.2799999713897705,1.3410710096359253,0.0
2005-05-18,1.3414289951324463,1.2496429681777954,1.2660709619522095,1.2799999713897705,636722800.0,1.104192852973938,1.285619068145752,Down,,1.3410710096359253,1.3410710096359253,0.0
2005-05-19,1.3457139730453491,1.2778569459915161,1.2778569459915161,1.3410710096359253,793161600.0,1.156875729560852,1.290404733022054,Up,,1.3410710096359253,1.4199999570846558,0.5
2005-05-20,1.344642996788025,1.3282140493392944,1.3303569555282593,1.3410710096359253,452650800.0,1.156875729560852,1.2939523299535116,Up,,1.4199999570846558,1.417857050895691,0.5
2005-05-23,1.4249999523162842,1.3517860174179077,1.3517860174179077,1.4199999570846558,1042574400.0,1.2249640226364136,1.301880923906962,Up,,1.417857050895691,1.420714020729065,0.8750312943336394
2005-05-24,1.4282139539718628,1.3939290046691895,1.4089289903640747,1.417857050895691,593460000.0,1.22311532497406,1.310190463066101,Up,,1.420714020729065,1.4550000429153442,0.5
2005-05-25,1.426785945892334,1.4042860269546509,1.410714030265808,1.420714020729065,396006800.0,1.225579857826233,1.3164523283640543,Up,,1.4550000429153442,1.448570966720581,0.5
2005-05-26,1.4621429443359375,1.426429033279419,1.426429033279419,1.4550000429153442,525520800.0,1.255156397819519,1.3261190017064413,Up,,1.448570966720581,1.4199999570846558,1.0
2005-05-27,1.456786036491394,1.4289289712905884,1.451429009437561,1.448570966720581,316008000.0,1.2496106624603271,1.3340237299601236,Up,,1.4199999570846558,1.4392859935760498,1.0
2005-05-31,1.4550000429153442,1.4135710000991821,1.4521429538726807,1.4199999570846558,404205200.0,1.2249640226364136,1.3406665960947672,Up,,1.4392859935760498,1.4299999475479126,0.5
2005-06-01,1.4557139873504639,1.423570990562439,1.4246430397033691,1.4392859935760498,453812800.0,1.2416011095046997,1.349904727935791,Up,,1.4299999475479126,1.3657139539718628,1.0
2005-06-02,1.440000057220459,1.4142860174179077,1.4303569793701172,1.4299999475479126,373973600.0,1.2335902452468872,1.3604523261388144,Up,,1.3657139539718628,1.3542859554290771,1.0
2005-06-03,1.377856969833374,1.3489290475845337,1.3628569841384888,1.3657139539718628,956869200.0,1.1781340837478638,1.3702379862467449,Down,,1.3542859554290771,1.3049999475479126,0.5
2005-06-06,1.3796429634094238,1.3414289951324463,1.3689290285110474,1.3542859554290771,811966400.0,1.1682757139205933,1.3777379830678305,Down,,1.3049999475479126,1.3185709714889526,0.5
2005-06-07,1.347499966621399,1.301785945892334,1.342857003211975,1.3049999475479126,745264800.0,1.1257587671279907,1.380095116297404,Down,,1.3185709714889526,1.344642996788025,0.0
2005-06-08,1.3303569555282593,1.3060710430145264,1.3082139492034912,1.3185709714889526,404006400.0,1.1374655961990356,1.3838093837102254,,Down,1.344642996788025,1.2789289951324463,0.3016250369615183
2005-06-09,1.3550000190734863,1.315000057220459,1.3214290142059326,1.344642996788025,390255600.0,1.1599570512771606,1.3881189187367757,,Down,1.2789289951324463,1.282142996788025,0.5
2005-06-10,1.3357139825820923,1.2685710191726685,1.3357139825820923,1.2789289951324463,678932800.0,1.1032689809799194,1.383976117769877,Down,,1.282142996788025,1.285714030265808,0.0
2005-06-13,1.3075000047683716,1.2792860269546509,1.2817859649658203,1.282142996788025,435772400.0,1.1060415506362915,1.380047583580017,Down,,1.285714030265808,1.32607102394104,0.0
2005-06-14,1.2910710573196411,1.276785969734192,1.2828569412231445,1.285714030265808,347846800.0,1.1091220378875732,1.3710951884587605,Down,,1.32607102394104,1.3564289808273315,0.0
2005-06-15,1.332142949104309,1.2964290380477905,1.3167860507965088,1.32607102394104,563343200.0,1.1439359188079834,1.3649761199951171,Down,,1.3564289808273315,1.3682140111923218,0.0
2005-06-16,1.3600000143051147,1.315000057220459,1.3282140493392944,1.3564289808273315,547674400.0,1.1701241731643677,1.360690450668335,Down,,1.3682140111923218,1.3432140350341797,0.2642991679183654
2005-06-17,1.3764289617538452,1.3510710000991821,1.3739290237426758,1.3682140111923218,596125600.0,1.180290699005127,1.3549047152201334,Up,,1.3432140350341797,1.3521430492401123,1.0
2005-06-20,1.3603570461273193,1.337499976158142,1.3517860174179077,1.3432140350341797,323716400.0,1.1587246656417847,1.3478809197743733,Down,,1.3521430492401123,1.3767859935760498,0.0
2005-06-21,1.363929033279419,1.3350000381469727,1.3471430540084839,1.3521430492401123,370526800.0,1.1664272546768188,1.3433571259180705,,Down,1.3767859935760498,1.388929009437561,0.0
2005-06-22,1.3785710334777832,1.3621430397033691,1.3664289712905884,1.3767859935760498,424925200.0,1.187685489654541,1.339190459251404,Up,,1.388929009437561,1.3485709428787231,0.8495589990193414
2005-06-23,1.420714020729065,1.380357027053833,1.3867859840393066,1.388929009437561,674254000.0,1.1981602907180786,1.3364523967107138,Up,,1.3485709428787231,1.3250000476837158,1.0
2005-06-24,1.397143006324768,1.3457139730453491,1.396070957183838,1.3485709428787231,410709600.0,1.163345217704773,1.3353095293045043,,Up,1.3250000476837158,1.3324999809265137,1.0
2005-06-27,1.3607139587402344,1.309999942779541,1.3157140016555786,1.3250000476837158,600171600.0,1.1430121660232544,1.3333571354548137,Down,,1.3324999809265137,1.29892897605896,0.3882974568025737
2005-06-28,1.3424999713897705,1.3274999856948853,1.3389290571212769,1.3324999809265137,350299600.0,1.1494821310043335,1.335190471013387,,Down,1.29892897605896,1.3146430253982544,0.5
2005-06-29,1.331786036491394,1.2899999618530273,1.3296430110931396,1.29892897605896,448358400.0,1.1205217838287354,1.3338810046513876,Down,,1.3146430253982544,1.3035709857940674,0.0
2005-06-30,1.3271429538726807,1.2967859506607056,1.3075000047683716,1.3146430253982544,418390000.0,1.1340774297714233,1.331881006558736,Down,,1.3035709857940674,1.3564289808273315,0.10473382122438854
2005-07-01,1.3203569650650024,1.2960710525512695,1.315356969833374,1.3035709857940674,250000800.0,1.1245261430740356,1.3335238059361776,Down,,1.3564289808273315,1.3353569507598877,0.0
2005-07-05,1.3624999523162842,1.3035709857940674,1.3053569793701172,1.3564289808273315,454269200.0,1.1701241731643677,1.3384762048721313,Up,,1.3353569507598877,1.3439290523529053,1.0
2005-07-06,1.3628569841384888,1.3285709619522095,1.3467860221862793,1.3353569507598877,394626400.0,1.1519463062286377,1.34178573290507,,Up,1.3439290523529053,1.3660709857940674,0.5
2005-07-07,1.3485709428787231,1.3142859935760498,1.3146430253982544,1.3439290523529053,383723200.0,1.1593413352966309,1.3429762681325277,Up,,1.3660709857940674,1.3607139587402344,0.5
2005-07-08,1.3671430349349976,1.3382140398025513,1.3524999618530273,1.3660709857940674,290735200.0,1.178442120552063,1.3436190684636433,Up,,1.3607139587402344,1.3657139539718628,1.0
2005-07-11,1.380357027053833,1.3492859601974487,1.3703570365905762,1.3607139587402344,388788400.0,1.1738206148147583,1.3431190649668376,,Up,1.3657139539718628,1.369642972946167,0.5
2005-07-12,1.3714289665222168,1.353929042816162,1.3653570413589478,1.3657139539718628,387038400.0,1.1781340837478638,1.344619059562683,Up,,1.369642972946167,1.4553569555282593,0.5
2005-07-13,1.375,1.3535710573196411,1.3674999475479126,1.369642972946167,684835200.0,1.1815232038497925,1.3457857211430868,Up,,1.4553569555282593,1.4839290380477905,0.5
2005-07-14,1.5003570318222046,1.4367860555648804,1.456786036491394,1.4553569555282593,2096060400.0,1.2554646730422974,1.351023785273234,Up,,1.4839290380477905,1.4817860126495361,0.5
2005-07-15,1.4846429824829102,1.4450000524520874,1.4632140398025513,1.4839290380477905,687682800.0,1.280112385749817,1.357357120513916,Up,,1.4817860126495361,1.5425000190734863,0.5176485256407739
2005-07-18,1.5035710334777832,1.4774999618530273,1.478929042816162,1.4817860126495361,586297600.0,1.278263807296753,1.3662381251653035,Up,,1.5425000190734863,1.5582139492034912,0.5
2005-07-19,1.5439289808273315,1.4667860269546509,1.4828569889068604,1.5425000190734863,671062000.0,1.3306385278701782,1.380738123257955,Up,,1.5582139492034912,1.5460710525512695,0.5
2005-07-20,1.5642859935760498,1.5232139825820923,1.5307140350341797,1.5582139492034912,453395600.0,1.3441942930221558,1.3957857211430869,Up,,1.5460710525512695,1.5714290142059326,0.7394296674470425
2005-07-21,1.5728570222854614,1.532142996788025,1.5607140064239502,1.5460710525512695,404264000.0,1.3337191343307495,1.4122618595759073,Up,,1.5714290142059326,1.5646430253982544,0.5
2005-07-22,1.5714290142059326,1.5496430397033691,1.551429033279419,1.5714290142059326,301106400.0,1.3555943965911865,1.4293809254964194,Up,,1.5646430253982544,1.5582139492034912,1.0
2005-07-25,1.5814290046691895,1.5617860555648804,1.5710710287094116,1.5646430253982544,294627200.0,1.3497402667999268,1.4467857281366985,Up,,1.5582139492034912,1.5710710287094116,0.7500208617284637
2005-07-26,1.5753569602966309,1.548570990562439,1.5717860460281372,1.5582139492034912,268592800.0,1.3441942930221558,1.4602380593617756,Up,,1.5710710287094116,1.5642859935760498,0.5
2005-07-27,1.573928952217102,1.5239289999008179,1.565356969833374,1.5710710287094116,283749200.0,1.3552852869033813,1.4759523312250773,Up,,1.5642859935760498,1.5232139825820923,1.0
2005-07-28,1.5714290142059326,1.5464290380477905,1.5660710334777832,1.5642859935760498,251311200.0,1.349432349205017,1.490642793973287,Up,,1.5232139825820923,1.526785969734192,1.0
2005-07-29,1.5850000381469727,1.5092860460281372,1.5557140111923218,1.5232139825820923,562080400.0,1.314001441001892,1.5011189937591554,Up,,1.526785969734192,1.5425000190734863,0.5
2005-08-01,1.5385710000991821,1.502856969833374,1.5203570127487183,1.526785969734192,314249600.0,1.3170826435089111,1.5121904611587524,Up,,1.5425000190734863,1.5435709953308105,0.5
2005-08-02,1.5535709857940674,1.5217859745025635,1.5317859649658203,1.5425000190734863,296875600.0,1.3306385278701782,1.523976198832194,Up,,1.5435709953308105,1.5253570079803467,0.9706001701682048
2005-08-03,1.5467859506607056,1.527500033378601,1.5425000190734863,1.5435709953308105,258322400.0,1.3315622806549072,1.5355714003245036,Up,,1.5253570079803467,1.5353569984436035,1.0
2005-08-04,1.535714030265808,1.5103570222854614,1.5317859649658203,1.5253570079803467,269304000.0,1.3158499002456665,1.5402380704879761,,Up,1.5353569984436035,1.5232139825820923,0.5882410688866418
2005-08-05,1.548570990562439,1.5007139444351196,1.5175000429153442,1.5353569984436035,241931200.0,1.3244765996932983,1.5436666011810303,,Up,1.5232139825820923,1.565000057220459,0.6452997914568636
2005-08-08,1.5446430444717407,1.5217859745025635,1.535714030265808,1.5232139825820923,176383200.0,1.314001441001892,1.5464284658432006,Down,,1.565000057220459,1.5492860078811646,0.0
2005-08-09,1.5674999952316284,1.5325000286102295,1.5332139730453491,1.565000057220459,380839200.0,1.350048542022705,1.5479284683863321,Up,,1.5492860078811646,1.5714290142059326,0.8548309815934406
2005-08-10,1.5853569507598877,1.5467859506607056,1.5714290142059326,1.5492860078811646,360945200.0,1.3364921808242798,1.5473332722981772,,Up,1.5714290142059326,1.6464289426803589,0.5
2005-08-11,1.5757139921188354,1.5446430444717407,1.5496430397033691,1.5714290142059326,271983600.0,1.3555943965911865,1.5490238030751546,Up,,1.6464289426803589,1.7028570175170898,0.5
2005-08-12,1.6507140398025513,1.548570990562439,1.5521429777145386,1.6464289426803589,916036800.0,1.420292854309082,1.554023798306783,Up,,1.7028570175170898,1.651785969734192,0.5
2005-08-15,1.7260710000991821,1.6589289903640747,1.659999966621399,1.7028570175170898,1086727600.0,1.4689706563949585,1.5632380644480388,Up,,1.651785969734192,1.6839289665222168,1.0
2005-08-16,1.6964290142059326,1.6503570079803467,1.6924999952316284,1.651785969734192,537622400.0,1.4249138832092285,1.5694761991500854,Up,,1.6839289665222168,1.6535710096359253,0.5
2005-08-17,1.6942859888076782,1.6560709476470947,1.657142996788025,1.6839289665222168,499724400.0,1.4526420831680298,1.5770000616709392,Up,,1.6535710096359253,1.6367859840393066,1.0
2005-08-18,1.6785709857940674,1.6339290142059326,1.6753569841384888,1.6535710096359253,442559600.0,1.4264543056488037,1.5829523960749308,Up,,1.6367859840393066,1.6382139921188354,1.0
2005-08-19,1.667857050895691,1.6346429586410522,1.6528569459915161,1.6367859840393066,376569200.0,1.4119740724563599,1.590523862838745,Up,,1.6382139921188354,1.6335710287094116,0.8462180343021464
2005-08-22,1.6696430444717407,1.6164289712905884,1.6482139825820923,1.6382139921188354,387732800.0,1.4132062196731567,1.5979523976643881,Up,,1.6335710287094116,1.6346429586410522,1.0
2005-08-23,1.6464289426803589,1.6185710430145264,1.6375000476837158,1.6335710287094116,295604400.0,1.4092007875442505,1.604023798306783,Up,,1.6346429586410522,1.6449999809265137,0.5
2005-08-24,1.6828570365905762,1.6282140016555786,1.6285710334777832,1.6346429586410522,572070800.0,1.410125732421875,1.6100952625274658,Up,,1.6449999809265137,1.6335710287094116,0.546895372002545
2005-08-25,1.6603569984436035,1.636070966720581,1.647143006324768,1.6449999809265137,276253600.0,1.419060230255127,1.6180714607238769,Up,,1.6335710287094116,1.6371430158615112,1.0
2005-08-26,1.6549999713897705,1.6200000047683716,1.647143006324768,1.6335710287094116,261058000.0,1.4092007875442505,1.6246190627415975,Up,,1.6371430158615112,1.6632139682769775,0.5
2005-08-29,1.6439290046691895,1.6164289712905884,1.616786003112793,1.6371430158615112,256295200.0,1.4122825860977173,1.632214331626892,Up,,1.6632139682769775,1.6746430397033691,0.5
2005-08-30,1.6710710525512695,1.6399999856948853,1.6425000429153442,1.6632139682769775,518761600.0,1.4347724914550781,1.6387619256973267,Up,,1.6746430397033691,1.6521430015563965,0.7460210655702962
2005-08-31,1.6796430349349976,1.652500033378601,1.673570990562439,1.6746430397033691,402956400.0,1.4446320533752441,1.6471190611521402,Up,,1.6521430015563965,1.6507140398025513,1.0
2005-09-01,1.684643030166626,1.646070957183838,1.6785709857940674,1.6521430015563965,356367200.0,1.4252221584320068,1.6524999936421711,,Up,1.6507140398025513,1.7428569793701172,0.5077540490923745
2005-09-02,1.6714290380477905,1.647143006324768,1.6535710096359253,1.6507140398025513,222378800.0,1.4239896535873413,1.6527856667836507,,Up,1.7428569793701172,1.738571047782898,0.5
2005-09-06,1.7457139492034912,1.662500023841858,1.667857050895691,1.7428569793701172,818619200.0,1.503476858139038,1.6554523309071858,Up,,1.738571047782898,1.7778569459915161,0.554547964825188
2005-09-07,1.7642860412597656,1.7114289999008179,1.7517859935760498,1.738571047782898,963074000.0,1.4997793436050415,1.6612380027770997,Up,,1.7778569459915161,1.8324999809265137,0.5
2005-09-08,1.7899999618530273,1.7549999952316284,1.7625000476837158,1.7778569459915161,702640400.0,1.533669352531433,1.6674998680750528,Up,,1.8324999809265137,1.8357139825820923,0.5
2005-09-09,1.8339289426803589,1.7782139778137207,1.7882139682769775,1.8324999809265137,615641600.0,1.5808072090148926,1.679428466161092,Up,,1.8357139825820923,1.815000057220459,0.9224193000730889
2005-09-12,1.8439290523529053,1.8064290285110474,1.8250000476837158,1.8357139825820923,452796400.0,1.583579659461975,1.692690332730611,Up,,1.815000057220459,1.7717859745025635,1.0
2005-09-13,1.831786036491394,1.7971429824829102,1.8221429586410522,1.815000057220459,492884000.0,1.5657110214233398,1.7044760704040527,Up,,1.7717859745025635,1.7810709476470947,1.0
2005-09-14,1.8282140493392944,1.7664289474487305,1.823570966720581,1.7717859745025635,474426400.0,1.5284321308135986,1.7136904001235962,Up,,1.7810709476470947,1.8289289474487305,0.5
2005-09-15,1.7921429872512817,1.7617859840393066,1.785714030265808,1.7810709476470947,415156000.0,1.5364419221878052,1.7234522660573324,Up,,1.8289289474487305,1.8799999952316284,0.5
2005-09-16,1.8289289474487305,1.7839289903640747,1.7939289808273315,1.8289289474487305,591004400.0,1.5777266025543213,1.7357141971588135,Up,,1.8799999952316284,1.8996429443359375,0.5
2005-09-19,1.888929009437561,1.823214054107666,1.823214054107666,1.8799999952316284,783731200.0,1.6217831373214722,1.7521427949269612,Up,,1.8996429443359375,1.861070990562439,0.7453726453726454
2005-09-20,1.9217859506607056,1.8899999856948853,1.8925000429153442,1.8996429443359375,819828800.0,1.6387279033660889,1.7696427901585896,Up,,1.861070990562439,1.8535710573196411,1.0
2005-09-21,1.894642949104309,1.8521430492401123,1.8914289474487305,1.861070990562439,434747600.0,1.6054538488388062,1.7828332583109539,Up,,1.8535710573196411,1.899999976158142,0.5807679074854805
2005-09-22,1.8739290237426758,1.8328570127487183,1.852856993675232,1.8535710573196411,463727600.0,1.5989841222763062,1.7947617928187052,Up,,1.899999976158142,1.9228570461273193,0.5
2005-09-23,1.910714030265808,1.8514289855957031,1.8607139587402344,1.899999976158142,558457200.0,1.6390364170074463,1.8112855911254884,Up,,1.9228570461273193,1.9085710048675537,0.5
2005-09-26,1.948570966720581,1.9042860269546509,1.9296430349349976,1.9228570461273193,546562800.0,1.6587536334991455,1.829428458213806,Up,,1.9085710048675537,1.8242859840393066,1.0
2005-09-27,1.9371429681777954,1.9082139730453491,1.9257140159606934,1.9085710048675537,341703600.0,1.6464300155639648,1.8404760599136352,Up,,1.8242859840393066,1.8692859411239624,1.0
2005-09-28,1.8967859745025635,1.8067859411239624,1.8953570127487183,1.8242859840393066,1125544000.0,1.5737214088439941,1.8461903889973958,Down,,1.8692859411239624,1.9146430492401123,0.0
2005-09-29,1.8782140016555786,1.8146430253982544,1.8296430110931396,1.8692859411239624,636846000.0,1.612540364265442,1.852285655339559,Up,,1.9146430492401123,1.9442859888076782,0.5
2005-09-30,1.9160710573196411,1.852856993675232,1.8689290285110474,1.9146430492401123,531633200.0,1.651667833328247,1.8577618598937988,Up,,1.9442859888076782,1.9196430444717407,0.5
2005-10-03,1.9478570222854614,1.9171429872512817,1.9342859983444214,1.9442859888076782,507553200.0,1.6772396564483643,1.8649999936421713,Up,,1.9196430444717407,1.8849999904632568,1.0
2005-10-04,1.9767860174179077,1.9157140254974365,1.962499976158142,1.9196430444717407,539459200.0,1.6559810638427734,1.8719761927922567,Up,,1.8849999904632568,1.8464289903640747,1.0
2005-10-05,1.9414290189743042,1.8839290142059326,1.940356969833374,1.8849999904632568,610769600.0,1.626096248626709,1.879523793856303,Up,,1.8464289903640747,1.832142949104309,1.0
2005-10-06,1.9103569984436035,1.8167860507965088,1.899999976158142,1.8464289903640747,757537200.0,1.5928230285644531,1.8838809967041015,Down,,1.832142949104309,1.79892897605896,0.5
2005-10-07,1.8546429872512817,1.8053569793701172,1.8471430540084839,1.832142949104309,677882800.0,1.5804994106292725,1.88409526348114,Down,,1.79892897605896,1.8424999713897705,0.38114774281805747
2005-10-10,1.853929042816162,1.795714020729065,1.8485709428787231,1.79892897605896,507505600.0,1.5518474578857422,1.878690528869629,Down,,1.8424999713897705,1.7589290142059326,0.23931736096450437
2005-10-11,1.8524999618530273,1.7999999523162842,1.8296430110931396,1.8424999713897705,1225884800.0,1.5894337892532349,1.8748809973398843,Down,,1.7589290142059326,1.9192860126495361,0.2605778294522931
2005-10-12,1.7964290380477905,1.709643006324768,1.7374999523162842,1.7589290142059326,2697486400.0,1.517340898513794,1.8680715322494508,Down,,1.9192860126495361,1.9285709857940674,0.0
2005-10-13,1.926785945892334,1.7596429586410522,1.7657140493392944,1.9192860126495361,1865575600.0,1.6556733846664429,1.8724525292714438,Up,,1.9285709857940674,1.9085710048675537,0.7678754500154972
2005-10-14,1.9410710334777832,1.8853570222854614,1.9296430349349976,1.9285709857940674,1035552000.0,1.663683295249939,1.8743572632471721,Up,,1.9085710048675537,1.8646429777145386,1.0
2005-10-17,1.9367860555648804,1.8814289569854736,1.9278570413589478,1.9085710048675537,616834400.0,1.6464300155639648,1.873404860496521,,Up,1.8646429777145386,1.9621429443359375,0.7252720112386889
2005-10-18,1.926785945892334,1.864285945892334,1.901785969734192,1.8646429777145386,609588000.0,1.6085354089736938,1.8704763253529866,,Up,1.9621429443359375,2.005000114440918,0.5
2005-10-19,1.9628570079803467,1.8289289474487305,1.8596429824829102,1.9621429443359375,1008683200.0,1.6926438808441162,1.879666789372762,Up,,2.005000114440918,1.9878569841384888,0.5
2005-10-20,2.017857074737549,1.9410710334777832,1.9453569650650024,2.005000114440918,1357762000.0,1.729614496231079,1.8887144009272256,Up,,1.9878569841384888,2.0282139778137207,0.7123935499307318
2005-10-21,2.0350000858306885,1.9771430492401123,2.0299999713897705,1.9878569841384888,796726000.0,1.714825987815857,1.8935953299204509,Up,,2.0282139778137207,2.003571033477783,0.5
2005-10-24,2.0282139778137207,1.9674999713897705,1.973214030265808,2.0282139778137207,609753200.0,1.7496399879455566,1.8991905291875204,Up,,2.003571033477783,2.0367860794067383,0.8709605639059965
2005-10-25,2.0303568840026855,1.988929033279419,2.0142860412597656,2.003571033477783,465127600.0,1.728381633758545,1.90478572845459,Up,,2.0367860794067383,1.978929042816162,0.7129558659908518
2005-10-26,2.0557138919830322,1.997143030166626,2.009999990463257,2.0367860794067383,631593200.0,1.7570345401763916,1.9149048010508218,Up,,1.978929042816162,1.9453569650650024,1.0
2005-10-27,2.0360710620880127,1.978929042816162,2.0353569984436035,1.978929042816162,411541200.0,1.7071242332458496,1.923738137880961,Up,,1.9453569650650024,2.056786060333252,0.6506432304342942
2005-10-28,2.01535701751709,1.934643030166626,2.0014290809631348,1.9453569650650024,769787200.0,1.6781632900238037,1.9312857389450073,Up,,2.056786060333252,2.0535709857940674,0.5
2005-10-31,2.070713996887207,1.9553569555282593,1.9714289903640747,2.056786060333252,940844800.0,1.774287462234497,1.94847621122996,Up,,2.0535709857940674,2.141071081161499,0.5183718344859156
2005-11-01,2.0764288902282715,2.0310709476470947,2.044286012649536,2.0535709857940674,749686000.0,1.7715145349502563,1.9625476121902465,Up,,2.141071081161499,2.2089290618896484,0.5
2005-11-02,2.142857074737549,2.057142972946167,2.061429023742676,2.141071081161499,857060400.0,1.8469963073730469,1.9880237499872844,Up,,2.2089290618896484,2.183928966522217,0.5
2005-11-03,2.2257139682769775,2.1453568935394287,2.1521430015563965,2.2089290618896484,884382800.0,1.9055334329605103,2.007333286603292,Up,,2.183928966522217,2.151071071624756,1.0
2005-11-04,2.187143087387085,2.129286050796509,2.1553568840026855,2.183928966522217,878035200.0,1.8839678764343262,2.0243571519851686,Up,,2.151071071624756,2.1392860412597656,1.0
2005-11-07,2.202500104904175,2.1478569507598877,2.1732139587402344,2.151071071624756,638831200.0,1.85562264919281,2.040523823102315,Up,,2.1392860412597656,2.1467859745025635,1.0
2005-11-08,2.1564290523529053,2.1107139587402344,2.141071081161499,2.1392860412597656,473765600.0,1.8454561233520508,2.058833360671997,Up,,2.1467859745025635,2.184999942779541,0.5
2005-11-09,2.1860709190368652,2.142857074737549,2.142857074737549,2.1467859745025635,552930000.0,1.8519262075424194,2.071142896016439,Up,,2.184999942779541,2.197856903076172,0.5
2005-11-10,2.18571400642395,2.1075000762939453,2.1657140254974365,2.184999942779541,665344400.0,1.8848907947540283,2.083142884572347,Up,,2.197856903076172,2.194643020629883,0.5
2005-11-11,2.2182140350341797,2.190713882446289,2.197856903076172,2.197856903076172,425448800.0,1.8959823846817017,2.0971428791681928,Up,,2.194643020629883,2.2242860794067383,0.5542096966187305
2005-11-14,2.213571071624756,2.1753571033477783,2.197856903076172,2.194643020629883,369933200.0,1.893210530281067,2.10823814868927,Up,,2.2242860794067383,2.319643020629883,0.5
2005-11-15,2.252856969833374,2.194999933242798,2.200000047683716,2.2242860794067383,536841200.0,1.9187816381454468,2.1229524850845336,Up,,2.319643020629883,2.304286003112793,0.5
2005-11-16,2.323570966720581,2.253213882446289,2.255357027053833,2.319643020629883,784515200.0,2.0010411739349365,2.14180961449941,Up,,2.304286003112793,2.3057138919830322,1.0
2005-11-17,2.3528571128845215,2.294642925262451,2.3424999713897705,2.304286003112793,676205600.0,1.9877941608428955,2.1635000785191854,Up,,2.3057138919830322,2.319999933242798,0.5
2005-11-18,2.3367860317230225,2.29892897605896,2.3324999809265137,2.3057138919830322,524960800.0,1.9890263080596924,2.187523873647054,Up,,2.319999933242798,2.375714063644409,0.5
2005-11-21,2.328213930130005,2.2757139205932617,2.315000057220459,2.319999933242798,511711200.0,2.0013489723205566,2.205071465174357,Up,,2.375714063644409,2.3967859745025635,0.5
2005-11-22,2.3842859268188477,2.304286003112793,2.315713882446289,2.375714063644409,540282400.0,2.0494112968444824,2.22654767036438,Up,,2.3967859745025635,2.476428985595703,0.5
2005-11-23,2.427856922149658,2.3817861080169678,2.38857102394104,2.3967859745025635,485853200.0,2.06758975982666,2.243595329920451,Up,,2.476428985595703,2.4878571033477783,0.5
2005-11-25,2.4835710525512695,2.4107139110565186,2.416429042816162,2.476428985595703,395012800.0,2.136293411254883,2.2614286581675214,Up,,2.4878571033477783,2.432142972946167,0.8974396829879923
2005-11-28,2.5382139682769775,2.4667859077453613,2.5257139205932617,2.4878571033477783,1018519600.0,2.146151065826416,2.2816905339558917,Up,,2.432142972946167,2.42214298248291,1.0
2005-11-29,2.510714054107666,2.4053568840026855,2.499643087387085,2.432142972946167,891433200.0,2.0980894565582275,2.3004286607106526,Up,,2.42214298248291,2.557142972946167,0.5370370043321542
2005-11-30,2.4589290618896484,2.411428928375244,2.4439289569854736,2.42214298248291,595674800.0,2.089462995529175,2.319285790125529,Up,,2.557142972946167,2.5939290523529053,0.5
2005-12-01,2.561785936355591,2.4574999809265137,2.4625000953674316,2.557142972946167,812893200.0,2.2059202194213867,2.3466429233551027,Up,,2.5939290523529053,2.565000057220459,0.5
2005-12-02,2.5978569984436035,2.5250000953674316,2.581070899963379,2.5939290523529053,895762000.0,2.237654209136963,2.3739048639933267,Up,,2.565000057220459,2.6446430683135986,0.6816166587336513
2005-12-05,2.5903570652008057,2.5532140731811523,2.569643020629883,2.565000057220459,583671200.0,2.212698221206665,2.398381074269613,Up,,2.6446430683135986,2.641071081161499,0.5
2005-12-06,2.672499895095825,2.619642972946167,2.64035701751709,2.6446430683135986,857029600.0,2.281402587890625,2.428381077448527,Up,,2.641071081161499,2.645714044570923,0.8846667351340248
2005-12-07,2.6592860221862793,2.61142897605896,2.651071071624756,2.641071081161499,679464800.0,2.2783210277557373,2.4561667442321777,Up,,2.645714044570923,2.6546430587768555,0.5
2005-12-08,2.6489291191101074,2.5928568840026855,2.614285945892334,2.645714044570923,790479200.0,2.2823269367218018,2.4779048124949137,Up,,2.6546430587768555,2.6753571033477783,0.5
2005-12-09,2.663928985595703,2.619642972946167,2.6503570079803467,2.6546430587768555,555402400.0,2.290029525756836,2.5012619495391846,Up,,2.6753571033477783,2.677856922149658,0.5
2005-12-12,2.691071033477783,2.6628570556640625,2.67392897605896,2.6753571033477783,524994400.0,2.3078978061676025,2.525904830296834,Up,,2.677856922149658,2.5717859268188477,0.9882162942183981
2005-12-13,2.694999933242798,2.6503570079803467,2.6732139587402344,2.677856922149658,493816400.0,2.3100552558898926,2.549761962890625,Up,,2.5717859268188477,2.57785701751709,1.0
2005-12-14,2.617856979370117,2.509643077850342,2.5903570652008057,2.5717859268188477,1450716400.0,2.2185521125793457,2.5628334204355876,Up,,2.57785701751709,2.5396430492401123,0.9205645085818033
2005-12-15,2.6021430492401123,2.5482139587402344,2.5957140922546387,2.57785701751709,561162000.0,2.223789691925049,2.5749048233032226,Up,,2.5396430492401123,2.549285888671875,1.0
2005-12-16,2.5821430683135986,2.5378570556640625,2.5764288902282715,2.5396430492401123,671171200.0,2.190824031829834,2.57911909421285,Down,,2.549285888671875,2.575356960296631,0.0
2005-12-19,2.5928568840026855,2.5371429920196533,2.5396430492401123,2.549285888671875,529295200.0,2.199143409729004,2.58321434656779,,Down,2.575356960296631,2.625,0.0
2005-12-20,2.5850000381469727,2.5399999618530273,2.558213949203491,2.575356960296631,479108000.0,2.2216336727142334,2.5927619457244875,,Down,2.625,2.643570899963379,0.0
2005-12-21,2.6289288997650146,2.5907139778137207,2.5928568840026855,2.625,475736800.0,2.2644577026367188,2.606285746892293,Up,,2.643570899963379,2.619642972946167,0.6119408933749165
2005-12-22,2.6603569984436035,2.628571033477783,2.6396429538726807,2.643570899963379,370610800.0,2.280478000640869,2.6120476086934405,Up,,2.619642972946167,2.651071071624756,0.8806772923478405
2005-12-23,2.6521430015563965,2.617856979370117,2.6489291191101074,2.619642972946167,229857600.0,2.259836435317993,2.613761870066325,Up,,2.651071071624756,2.627500057220459,0.5
2005-12-27,2.684999942779541,2.641071081161499,2.642857074737549,2.651071071624756,590590000.0,2.2869486808776855,2.619499937693278,Up,,2.627500057220459,2.551785945892334,1.0
2005-12-28,2.6700000762939453,2.6185710430145264,2.6596429347991943,2.627500057220459,398115200.0,2.266615152359009,2.6183570702870687,,Up,2.551785945892334,2.567500114440918,1.0
2005-12-29,2.6364290714263916,2.5507140159606934,2.634999990463257,2.551785945892334,490025200.0,2.2012994289398193,2.612404727935791,Down,,2.567500114440918,0.0,0.4969397920451494
2005-12-30,2.5867860317230225,2.5121428966522217,2.5325000286102295,2.567500114440918,624262800.0,2.214855670928955,2.607190465927124,Down,,0.0,0.0,0.5
