Date,High,Low,Open,Close,Volume,Adj Close,MA,MACD,SIGNAL LINE,%K,%D,RSI-7,RSI-14,%R,Trading Signal
2008-10-24,5.179999828338623,4.625,5.014999866485596,4.894999980926514,1790600,4.894999980926514,5.899000040690104,-0.2965677862031324,-0.2556981405464202,25.195312318101056,48.54921662111846,23.81363993373151,28.384188173458625,-74.80468768189894,0.0
2008-10-27,5.275000095367432,4.784999847412109,4.880000114440918,5.0,1894000,5.0,5.81666669845581,-0.3378201540353025,-0.27215437422946553,29.2968756548362,36.914063821799004,27.46749929980257,30.38668049172219,-70.7031243451638,0.0
2008-10-28,5.309999942779541,4.849999904632568,5.190000057220459,5.275000095367432,839200,5.275000095367432,5.775000031789144,-0.3462541678649611,-0.28699730127367495,40.03906712023319,31.51041836439016,36.7380853760741,35.475474907621205,-59.96093287976681,0.0
2008-10-29,5.985000133514404,4.760000228881836,5.195000171661377,5.809999942779541,1747200,5.809999942779541,5.788666693369548,-0.3099624762250368,-0.29159602921339367,60.937499126885065,43.42448063398482,50.96341556096783,44.04517462073114,-39.062500873114935,0.0
2008-10-30,6.300000190734863,5.800000190734863,5.980000019073486,6.295000076293945,1119600,6.295000076293945,5.845666694641113,-0.24255476565736434,-0.2817780532497477,76.43021144291365,59.13559256334397,60.384837519679245,50.46765204012694,-23.56978855708636,0.5
2008-10-31,6.775000095367432,6.224999904632568,6.224999904632568,6.659999847412109,1434200,6.659999847412109,5.94166669845581,-0.16021246793929045,-0.25744565807806596,93.13500689722599,76.8342391556749,66.10298352805486,54.68325025545179,-6.864993102774014,0.7547166416252058
2008-11-03,6.659999847412109,6.429999828338623,6.534999847412109,6.525000095367432,2848200,6.525000095367432,5.968666712443034,-0.1039985918209041,-0.22673678076325338,86.9565283809774,85.507248907039,62.22718559687662,52.89028742632143,-13.043471619022595,0.5
2008-11-04,6.940000057220459,6.630000114440918,6.769999980926514,6.789999961853027,1728600,6.789999961853027,5.984666697184244,-0.03911556351095147,-0.18919350060814374,93.52051439914297,91.20401655911542,66.69875530330852,55.94394239598307,-6.479485600857029,1.0
2008-11-05,6.940000057220459,6.510000228881836,6.940000057220459,6.630000114440918,1215800,6.630000114440918,6.01766668955485,0.0001017855054517014,-0.15131907969505545,86.60907407701116,89.0287056190438,61.564999096382095,53.681423920938585,-13.390925922988844,0.9421296255415192
2008-11-06,6.849999904632568,5.675000190734863,6.440000057220459,5.675000190734863,897000,5.675000190734863,5.999666690826416,-0.041039045096609605,-0.1292559128683786,45.3563786082823,75.16198902814543,40.081918099426225,42.60563722828296,-54.6436213917177,0.0
2008-11-07,6.789999961853027,5.59499979019165,5.59499979019165,6.755000114440918,3255600,6.755000114440918,6.036666711171468,0.00881952546850684,-0.10163365405261779,92.00864197810586,74.6580315544664,58.97129628700906,54.131430448087094,-7.991358021894137,1.0
2008-11-10,7.119999885559082,6.639999866485596,6.75,6.675000190734863,666200,6.675000190734863,6.057000064849854,0.04166532779931309,-0.07296790403888187,82.16434007072097,73.17645355236967,57.407286674966166,53.27793830535893,-17.835659929279025,1.0
2008-11-11,6.820000171661377,6.110000133514404,6.539999961853027,6.570000171661377,711400,6.570000171661377,6.076333395640055,0.058899113870737096,-0.04659011769544877,77.9559222795531,84.04296810945993,55.166895352501086,52.116464398686134,-22.044077720446893,1.0
2008-11-12,6.534999847412109,5.730000019073486,6.494999885559082,5.929999828338623,802000,5.929999828338623,6.078333377838135,0.02282187589316287,-0.03270587344511065,52.30460473733438,70.80828902920278,43.1827995070267,45.59224526536833,-47.69539526266562,0.5
2008-11-13,6.494999885559082,5.710000038146973,6.014999866485596,6.494999885559082,1103000,6.494999885559082,6.132000033060709,0.03761930087354326,-0.018639342771269857,73.51694529990031,67.9258241055959,53.570820397339666,51.37894491255307,-26.483054700099693,0.7329544284619728
2008-11-14,6.960000038146973,6.25,6.409999847412109,6.730000019073486,691000,6.730000019073486,6.254333368937174,0.0668361235797601,-0.0015427950876358769,83.47457952452862,69.76537652058774,57.35432592915926,53.58993412043668,-16.52542047547137,1.0
2008-11-17,6.880000114440918,6.28000020980835,6.699999809265137,6.289999961853027,546000,6.289999961853027,6.340333366394043,0.055029979376515215,0.009772529886307264,64.83050659106237,73.94067713849705,48.68763250624464,49.08887582551362,-35.169493408937626,1.0
2008-11-18,6.40500020980835,5.679999828338623,6.130000114440918,5.929999828338623,889000,5.929999828338623,6.384000015258789,0.017335775885843674,0.011285261447154712,21.967214242452762,56.7574334526812,42.550214214012335,45.706339509288334,-78.03278575754723,0.7619038968942011
2008-11-19,6.25,5.784999847412109,5.855000019073486,5.875,1273400,5.875,6.3883333524068195,-0.01663912535081824,0.005700140821247659,18.360668347426344,35.05279639364711,41.615186731544085,45.193970055126066,-81.63933165257366,0.0
2008-11-20,6.324999809265137,5.71999979019165,5.840000152587891,5.980000019073486,2633000,5.980000019073486,6.367333348592123,-0.0349027562196671,-0.002420721557689518,25.245915069210174,21.857932553029713,44.33942534566923,46.428643646060245,-74.75408493078983,0.0
2008-11-21,6.199999809265137,5.434999942779541,6.059999942779541,6.164999961853027,1883400,6.164999961853027,6.334333356221517,-0.03441538323553939,-0.00881983227443148,43.3234447396653,28.976676052100554,49.21073955841973,48.62470778359924,-56.6765552603347,0.0
2008-11-24,6.635000228881836,6.235000133514404,6.235000133514404,6.585000038146973,874000,6.585000038146973,6.33833335240682,-0.0009078942295275283,-0.007237409376240842,68.24926613768397,45.60620864885309,58.76842882783682,53.3047281621355,-31.750733862316025,0.8629031389734463
2008-11-25,6.715000152587891,6.184999942779541,6.715000152587891,6.360000133514404,1585800,6.360000133514404,6.3096666971842446,0.00777965980953077,-0.004233941955437189,54.89615561701457,55.489622164787896,52.58381147477624,50.6431932402209,-45.10384438298543,0.5
2008-11-26,6.820000171661377,6.184999942779541,6.21999979019165,6.670000076293945,740400,6.670000076293945,6.31233336130778,0.038735274710470335,0.004360024034925624,73.29377895866119,65.47973357111987,59.444187633796034,54.04757922522687,-26.70622104133881,0.5433673655574689
2008-11-28,7.625,6.684999942779541,6.699999809265137,7.565000057220459,783800,7.565000057220459,6.438333352406819,0.13262654387597816,0.03001362091543179,97.26027665699276,75.15007041088946,72.73260251932483,62.16213052375415,-2.7397233430072485,1.0
2008-12-01,7.369999885559082,6.570000171661377,6.59499979019165,6.585000038146973,1380400,6.585000038146973,6.427000013987223,0.12780204537560902,0.04957148445652716,52.511418507769726,74.35515804114117,51.27171194131232,51.44891020063826,-47.488581492230274,0.5874997019764919
2008-12-02,6.824999809265137,6.485000133514404,6.639999866485596,6.550000190734863,1086000,6.550000190734863,6.41866668065389,0.1198148376027719,0.06362025774730194,50.913252001028575,66.89498238859696,50.64901536791491,51.110123908579844,-49.086747998971425,0.8198199359233761
2008-12-03,6.75,6.329999923706055,6.329999923706055,6.75,879600,6.75,6.430666669209798,0.1279121049056675,0.07647870234952642,60.04566314438607,54.490111217728064,54.34552805705639,53.014116108038344,-39.95433685561393,1.0
2008-12-04,6.715000152587891,6.025000095367432,6.574999809265137,6.195000171661377,1500000,6.195000171661377,6.448333358764648,0.08911708266694163,0.0790063902345134,34.703205891529784,48.55404034564808,43.738959886406036,47.48733828238066,-65.29679410847022,0.0
2008-12-05,6.644999980926514,5.914999961853027,6.269999980926514,6.644999980926514,1368000,6.644999980926514,6.458333365122477,0.09315966235538653,0.0818370552494632,55.251141850776975,50.00000362889755,52.50707534162917,51.86872892808648,-44.748858149223025,0.5772727351543304
2008-12-08,7.179999828338623,6.724999904632568,6.760000228881836,7.110000133514404,2114000,7.110000133514404,6.483666706085205,0.13192811682937933,0.09185529755160202,76.48402497581522,55.47945757270727,60.018832364525736,55.95795283745235,-23.515975024184787,1.0
2008-12-09,7.230000019073486,6.215000152587891,7.230000019073486,6.559999942779541,3537800,6.559999942779541,6.50166670481364,0.11738631915193931,0.09696151409862898,51.36986167150362,61.03500949936521,49.26613050422047,50.493536537793375,-48.63013832849638,1.0
2008-12-10,6.820000171661377,6.309999942779541,6.559999942779541,6.465000152587891,3992800,6.465000152587891,6.537333393096924,0.09715171613335816,0.0969995545784459,47.03197182175523,58.29528615635797,47.54947792373975,49.59270364609512,-52.96802817824477,1.0
2008-12-11,6.739999771118164,5.860000133514404,6.340000152587891,6.005000114440918,5460800,6.005000114440918,6.546000067392985,0.04383328074152981,0.08636628351562219,26.027404418647336,41.476412637302005,39.729145816967176,45.3717206740999,-73.97259558135266,0.0
2008-12-12,6.324999809265137,5.885000228881836,5.894999980926514,6.255000114440918,2127000,6.255000114440918,6.564333407084147,0.021337989388250378,0.07336060874523696,22.379604011700206,31.812993417367533,45.42076481128052,47.96391328245739,-77.62039598829979,0.5
2008-12-15,6.46999979019165,6.079999923706055,6.244999885559082,6.090000152587891,1023400,6.090000152587891,6.559333419799804,-0.00958687082048737,0.056771096561145894,13.031163539488198,20.47939065661186,42.34190779578678,46.399011820353714,-86.9688364605118,0.0
2008-12-16,6.28000020980835,5.914999961853027,6.090000152587891,6.21999979019165,1723600,6.21999979019165,6.535000069936117,-0.023409107172961185,0.040735043231832205,20.39658265776895,18.602450069652395,45.723725514244855,47.84288461196009,-79.60341734223105,0.0
2008-12-17,6.340000152587891,5.994999885559082,6.070000171661377,6.255000114440918,3902200,6.255000114440918,6.528000068664551,-0.031197204591490113,0.026348584636641324,22.379604011700206,18.602450069652395,46.70558278422826,48.247093160279654,-77.62039598829979,0.0
2008-12-18,6.730000019073486,6.25,6.644999980926514,6.690000057220459,1360000,6.690000057220459,6.529333400726318,-0.002458486815710259,0.020587167452970866,54.966891390687906,32.5810260200523,57.77999191291934,53.1107916621795,-45.033108609312094,0.6290321588267958
2008-12-19,6.954999923706055,6.260000228881836,6.659999847412109,6.920000076293945,2043600,6.920000076293945,6.486333401997884,0.03832531725276045,0.02413479883813474,77.3722650602242,51.57292015420405,62.57692615258682,55.492499356342975,-22.62773493977581,1.0
2008-12-22,6.994999885559082,6.389999866485596,6.994999885559082,6.610000133514404,617800,6.610000133514404,6.48800007502238,0.04524206025229649,0.028356252477689983,54.74453012044838,62.36122885712012,53.09160872838731,51.682070245980874,-45.25546987955162,1.0
2008-12-23,6.855000019073486,6.440000057220459,6.855000019073486,6.579999923706055,563400,6.579999923706055,6.490000057220459,0.04776349235020394,0.03223770145015246,52.55473360115109,61.557176260607854,52.19829617310893,51.31484713800349,-47.44526639884891,1.0
2008-12-24,6.610000133514404,6.519999980926514,6.534999847412109,6.545000076293945,138400,6.545000076293945,6.476333395640055,0.0464149430346783,0.03507315035027563,50.0,52.433087907199784,51.029634874090576,50.86080115361455,-50.0,0.5
2008-12-26,6.690000057220459,6.449999809265137,6.519999980926514,6.565000057220459,403600,6.565000057220459,6.501000054677328,0.04641779831771142,0.03734208031711626,51.459852744319896,51.33819544849029,51.74981566282732,51.12691938484872,-48.540147255680104,0.5
2008-12-29,6.670000076293945,6.380000114440918,6.639999866485596,6.570000171661377,685000,6.570000171661377,6.496000067392985,0.04628802155342804,0.03913126879990804,51.82482463180859,51.094892458709445,51.955900197985066,51.198076534384256,-48.17517536819141,0.5
2008-12-30,6.675000190734863,6.284999847412109,6.545000076293945,6.644999980926514,553400,6.644999980926514,6.465000057220459,0.05161962687593746,0.04162894067814947,69.16299726039138,57.48255821217324,55.297147826489194,52.31946187336537,-30.837002739608625,0.5
2008-12-31,6.730000019073486,6.425000190734863,6.699999809265137,6.695000171661377,583200,6.695000171661377,6.474000072479248,0.059183203687888764,0.0451397935758861,73.56830137123272,64.85204108781085,57.59109771310589,53.09329803106825,-26.431698628767275,0.5
2009-01-02,6.894999980926514,6.635000228881836,6.635000228881836,6.889999866485596,994200,6.889999866485596,6.502333386739095,0.07994097211247642,0.052100029752323154,90.54053589639828,77.75727817600742,65.61861307023024,56.08660875299105,-9.45946410360171,0.5
2009-01-05,7.090000152587891,6.835000038146973,6.84499979019165,7.039999961853027,598400,7.039999961853027,6.571333376566569,0.10722332425104941,0.06312468924651686,95.74466530906753,86.6178341922328,70.61104989979185,58.29148354431049,-4.255334690932466,0.7153845363819629
2009-01-06,7.260000228881836,6.820000171661377,7.175000190734863,7.224999904632568,705000,7.224999904632568,6.636000029246012,0.14209347927848892,0.0789184479341895,97.39774592561342,94.56098237702638,75.69026165633177,60.899070381311994,-2.602254074386582,1.0
2009-01-07,7.070000171661377,6.849999904632568,7.03000020980835,6.900000095367432,433000,6.900000095367432,6.690000025431315,0.14193094408266305,0.09152094759878049,71.54149914546281,88.22797012671454,55.892230919878116,54.45781597003866,-28.45850085453719,0.5
2009-01-08,7.119999885559082,6.710000038146973,6.945000171661377,7.119999885559082,1464800,7.119999885559082,6.750000031789144,0.15769509884703137,0.10475577821380443,86.1385830102487,85.02594269377492,63.44368158259534,57.71797936890523,-13.861416989751309,0.5
2009-01-09,7.255000114440918,6.900000095367432,7.054999828338623,7.204999923706055,969200,7.204999923706055,6.813333352406819,0.1750140853053832,0.11880743994245939,94.49996948242188,84.06001721271109,66.06268698774758,58.94094978041569,-5.500030517578125,0.5365850538244681
2009-01-12,7.215000152587891,7.039999961853027,7.215000152587891,7.190000057220459,1245400,7.190000057220459,6.846666685740153,0.18539342678541448,0.13212463754634493,92.82049802320509,91.15301683862519,65.1024327700919,58.618731933322515,-7.179501976794912,0.5
2009-01-13,7.465000152587891,7.21999979019165,7.364999771118164,7.394999980926514,837800,7.394999980926514,6.878333346048991,0.20773528722604073,0.14724676769603198,94.067783596806,93.79608370081097,71.66858995408255,61.70034635343968,-5.932216403194,1.0
2009-01-14,7.400000095367432,7.059999942779541,7.349999904632568,7.295000076293945,465200,7.295000076293945,6.92400000890096,0.21490746735749067,0.1607789077813427,85.59321759932757,90.82716640644621,64.73658904327672,59.37746655862847,-14.406782400672421,1.0
2009-01-15,7.460000038146973,6.914999961853027,7.360000133514404,7.235000133514404,687800,7.235000133514404,6.96766668955485,0.2132980327739986,0.1712827328748942,80.50847800084053,86.72315973232469,60.63146882046544,57.96733889730417,-19.491521999159474,0.9772726484566954
2009-01-16,7.539999961853027,7.03000020980835,7.449999809265137,7.260000228881836,502800,7.260000228881836,7.015333366394043,0.21159721120438313,0.17934562859914321,77.68926633955513,81.26365397990774,61.80874305284738,58.410534678570414,-22.31073366044486,1.0
2009-01-20,7.260000228881836,6.710000038146973,7.260000228881836,6.710000038146973,516600,6.710000038146973,7.025000031789144,0.16403691274204757,0.17628388540999781,33.864553942626046,64.02076609434057,34.968956283913016,46.73542893801866,-66.13544605737395,0.0
2009-01-21,7.230000019073486,6.690000057220459,6.75,7.179999828338623,751000,7.179999828338623,7.065666675567627,0.162351788865851,0.17349746608826264,67.71298588219597,59.755602054792384,54.61651531500742,55.01096001911329,-32.287014117804034,0.5
2009-01-22,7.375,7.014999866485596,7.074999809265137,7.199999809265137,467800,7.199999809265137,7.102666664123535,0.16077465526727597,0.17095290391463683,62.43091128086402,54.66948370189535,55.28716966639343,55.32901308646596,-37.56908871913598,1.0
2009-01-23,7.324999809265137,7.099999904632568,7.099999904632568,7.195000171661377,546800,7.195000171661377,7.135999997456868,0.15730811325685234,0.16822394577499056,59.4117848353425,63.18522733280084,55.04991579897844,55.22391044129531,-40.5882151646575,0.7702706882419956
2009-01-26,7.394999980926514,6.96999979019165,7.159999847412109,7.09499979019165,758600,7.09499979019165,7.149666659037272,0.14482984115032416,0.16354512483896183,47.64703275422856,56.49657629014504,50.03910088886725,53.053112481943536,-52.35296724577144,0.5
2009-01-27,7.289999961853027,7.090000152587891,7.179999828338623,7.28000020980835,671600,7.28000020980835,7.165666675567627,0.14814722111911394,0.16046554408914987,69.41179044519205,58.82353601158772,58.24266098427665,56.46275561506476,-30.58820955480795,0.9565217842001057
2009-01-28,7.449999809265137,7.139999866485596,7.389999866485596,7.300000190734863,659400,7.300000190734863,7.170666694641113,0.15065185383133173,0.15850280603460737,71.76472964171573,62.94118428037879,59.089900707430075,56.82780181768256,-28.23527035828426,1.0
2009-01-29,7.28000020980835,7.034999847412109,7.264999866485596,7.070000171661377,318600,7.070000171661377,7.182000033060709,0.1325638647737195,0.15331501777613096,44.70590083244557,61.96080697311779,46.446324594879634,51.481861419045245,-55.29409916755443,0.0
2009-01-30,7.25,6.909999847412109,7.15500020980835,7.190000057220459,1207800,7.190000057220459,7.186666711171468,0.12644733361087113,0.1479414809378595,58.823536011587706,58.431388828583,52.61758168430189,53.917628300327756,-41.176463988412294,0.9166666666666667
2009-02-02,7.269999980926514,6.900000095367432,7.125,7.210000038146973,552200,7.210000038146973,7.187000052134196,0.12180844045180361,0.14271487283658688,61.17647520811139,54.901970684048216,53.65600250768436,54.32916068467207,-38.82352479188861,1.0
2009-02-03,7.199999809265137,6.960000038146973,7.199999809265137,7.090000152587891,1507600,7.090000152587891,7.180333391825358,0.10721903760803553,0.13561570578646337,47.058840028969264,55.68628374955611,46.51944555811537,51.36518920914341,-52.941159971030736,0.5
2009-02-04,7.224999904632568,6.775000095367432,7.139999866485596,6.800000190734863,679600,6.800000190734863,7.140666739145915,0.07144608506594707,0.1227817816359775,12.941193630128033,40.39216962240288,33.83225917881583,44.97886054129048,-87.05880636987196,0.2948721710743499
2009-02-05,6.75,6.554999828338623,6.704999923706055,6.684999942779541,796600,6.684999942779541,7.100000063578288,0.033435837371010635,0.10491259277587472,13.19797937255984,24.399337677219034,30.041702797060452,42.711043201491805,-86.80202062744016,0.0
2009-02-06,6.954999923706055,6.65500020980835,6.65500020980835,6.880000114440918,620400,6.880000114440918,7.076333395640055,0.018822763091741912,0.0876946268335679,36.3128819026176,20.817351635101808,42.734277129474165,47.54097234198203,-63.6871180973824,0.5
2009-02-09,6.96999979019165,6.829999923706055,6.829999923706055,6.880000114440918,331200,6.880000114440918,7.051000054677328,0.007159321104250438,0.07158756568360308,36.3128819026176,28.60791439259833,42.734277129474165,47.54097234198203,-63.6871180973824,0.5
2009-02-10,6.920000076293945,6.635000228881836,6.795000076293945,6.695000171661377,766400,6.695000171661377,7.050000063578287,-0.016811845497855415,0.05390768344370993,15.642496794002614,29.422753533079256,34.622756055811806,43.505282297690826,-84.35750320599739,0.0
2009-02-11,6.880000114440918,6.670000076293945,6.670000076293945,6.78000020980835,399400,6.78000020980835,7.023333422342936,-0.028622998951660428,0.03740154696194597,25.139707962541376,25.69836221972052,40.660366832248975,45.782584995748344,-74.86029203745862,0.0
2009-02-12,6.949999809265137,6.619999885559082,6.619999885559082,6.90500020980835,339800,6.90500020980835,7.003666782379151,-0.0275826000969408,0.02440471754847422,39.106188707110626,26.62946448788486,48.77643984601587,49.036088271958256,-60.893811292889374,0.5
2009-02-13,6.954999923706055,6.769999980926514,6.949999809265137,6.889999866485596,432000,6.889999866485596,6.983333428700765,-0.027649335124614538,0.013993907012770663,37.43017265767727,33.89202310910975,47.85998386102168,48.658734133658065,-62.56982734232273,0.5
2009-02-17,6.900000095367432,6.494999885559082,6.739999771118164,6.599999904632568,1149800,6.599999904632568,6.950333436330159,-0.05051323326426971,0.0010924789562861354,10.994767273489849,29.1770428794259,33.61462681625164,41.939257323524174,-89.00523272651014,0.5
2009-02-18,6.755000114440918,6.385000228881836,6.690000057220459,6.494999885559082,852800,6.494999885559082,6.898000081380208,-0.07622446348359002,-0.01437090953272127,12.290464695135888,20.23846820876766,29.860291483806947,39.796393888756015,-87.70953530486412,0.5
2009-02-19,6.554999828338623,6.289999961853027,6.525000095367432,6.315000057220459,779000,6.315000057220459,6.832333405812581,-0.1098549678353038,-0.03346772119425753,2.5510300898838025,8.612087352836504,24.408129318598498,36.36605269447924,-97.44896991011619,0.5
2009-02-20,6.309999942779541,6.045000076293945,6.25,6.130000114440918,433200,6.130000114440918,6.769666735331217,-0.1497058050118829,-0.056715337958775744,6.938779164433317,7.260091316484328,20.024095277410282,33.1986837792533,-93.06122083556669,0.1379309210850842
2009-02-23,6.329999923706055,6.014999866485596,6.135000228881836,6.050000190734863,808800,6.050000190734863,6.693666744232178,-0.18560207025127973,-0.0824926844181575,2.8925886897382282,4.127465981351775,18.36035593434886,31.90461128490898,-97.10741131026177,0.0
2009-02-24,6.389999866485596,6.019999980926514,6.085000038146973,6.340000152587891,1301800,6.340000152587891,6.635666751861573,-0.18848163683107,-0.10369047490131957,26.85952693026434,12.230298261478621,39.58832400353846,40.89817262461406,-73.14047306973566,0.0
2009-02-25,7.289999961853027,6.824999809265137,6.909999847412109,7.065000057220459,1066400,7.065000057220459,6.634000078837077,-0.1307662535979599,-0.10910563064076606,82.35294997623294,37.368355198745164,65.64380792062857,56.40111341337308,-17.647050023767058,0.5703125814906815
2009-02-26,7.375,6.949999809265137,7.150000095367432,7.019999980926514,795000,7.019999980926514,6.64866673151652,-0.08764659736040503,-0.10481382398461875,73.8970599836543,61.036512296717184,63.65571024523064,55.42923475368196,-26.102940016345695,0.5
2009-02-27,7.400000095367432,6.940000057220459,6.940000057220459,7.340000152587891,1430800,7.340000152587891,6.69233341217041,-0.027341816208099168,-0.08931942242909795,95.66787488345895,83.9726282811154,70.95390509802989,60.62518030345574,-4.3321251165410475,0.7833332803514605
2009-03-02,7.449999809265137,7.159999847412109,7.159999847412109,7.255000114440918,884000,7.255000114440918,6.71733341217041,0.013437442026929425,-0.06876804953766233,86.41117055053593,85.32536847254973,66.79716385831948,58.66870401800807,-13.588829449464065,0.5161293795895514
2009-03-03,7.505000114440918,7.244999885559082,7.409999847412109,7.40500020980835,809200,7.40500020980835,6.752333418528239,0.057197906335468396,-0.04357485836281049,93.28859812138992,91.78921451846162,70.37084027948467,61.05710311102579,-6.711401878610081,1.0
2009-03-04,7.525000095367432,7.005000114440918,7.474999904632568,7.25,2074600,7.25,6.789333407084147,0.07846822515910024,-0.019166241658253407,81.78807591499037,87.16261486230542,62.288527565173034,57.36798224885749,-18.21192408500963,1.0
2009-03-05,7.494999885559082,7.070000171661377,7.090000152587891,7.130000114440918,701800,7.130000114440918,6.812666734059651,0.08466727446109079,0.0016004615657345019,73.84106483089651,82.97257962242561,56.434156000029816,54.61663831327257,-26.158935169103483,1.0
2009-03-06,7.289999961853027,6.815000057220459,7.159999847412109,6.989999771118164,1812400,6.989999771118164,6.818333371480306,0.07739234074671764,0.016758837402000657,64.56952032083873,73.39955368890854,50.03345199607312,51.51263601119578,-35.43047967916127,0.9788727570185725
2009-03-09,7.039999961853027,6.619999885559082,6.880000114440918,6.650000095367432,1816000,6.650000095367432,6.802333386739095,0.04369101906752526,0.022145273735125343,42.05298891590615,60.154524689213794,37.86532804252457,44.84669324231162,-57.94701108409385,0.0
2009-03-10,7.054999828338623,6.644999980926514,6.784999847412109,7.005000114440918,1325600,7.005000114440918,6.829333400726318,0.04510529181583944,0.026737277351281643,65.56292039031167,57.39514320901884,52.06586371280333,51.85247114862338,-34.43707960968832,0.5
2009-03-11,7.164999961853027,6.934999942779541,7.074999809265137,7.125,1011400,7.125,6.871333408355713,0.055271084390352776,0.03244403875910927,73.50993147440553,60.375280260207774,56.02897737778947,53.9804359895796,-26.490068525594467,0.5
2009-03-12,7.625,7.005000114440918,7.059999942779541,7.599999904632568,1309400,7.599999904632568,6.957000064849853,0.10049440208400373,0.04605411142411373,98.44719917427211,79.17335034632976,68.17875379486868,61.27612947037015,-1.55280082572788,0.5
2009-03-13,7.71999979019165,7.40500020980835,7.625,7.684999942779541,755200,7.684999942779541,7.060666720072429,0.14156059392502574,0.06515540792432484,97.94118521535371,89.96610528801044,69.91429262536865,62.424133378975036,-2.0588147846462905,1.0
2009-03-16,7.840000152587891,7.554999828338623,7.71999979019165,7.625,520400,7.625,7.165666707356771,0.1673357094339627,0.08559146822627697,82.37704053036788,92.92180830666454,66.90904351075488,61.048334886744925,-17.622959469632125,0.5
2009-03-17,7.684999942779541,7.440000057220459,7.684999942779541,7.625,610000,7.625,7.251333363850912,0.18562289037208046,0.10559775265545691,82.37704053036788,87.56508875869646,66.90904351075488,61.048334886744925,-17.622959469632125,0.988371835134224
2009-03-18,7.684999942779541,7.5,7.525000095367432,7.630000114440918,832400,7.630000114440918,7.289000034332275,0.1982339053793032,0.12412498320024043,82.78688588663941,82.51365564912504,67.06960233260213,61.13112961813514,-17.213114113360582,1.0
2009-03-19,7.675000190734863,7.335000038146973,7.639999866485596,7.414999961853027,1144400,7.414999961853027,7.315333366394043,0.18870519557838783,0.13704102567587786,65.16392641700729,76.77595094467152,53.94024714384308,55.65327034850332,-34.83607358299271,0.742646893828047
2009-03-20,7.460000038146973,7.204999923706055,7.449999809265137,7.25,432600,7.25,7.309333356221517,0.1659274877259289,0.1428183180858909,51.63934234008175,66.53005154790947,45.89601633839004,51.815837977351606,-48.36065765991825,0.0
2009-03-23,7.599999904632568,7.199999809265137,7.364999771118164,7.590000152587891,619600,7.590000152587891,7.331666692097982,0.17331198213607912,0.14891705089593094,79.50820120647592,65.43715665452163,60.17432567612358,58.21023918411414,-20.491798793524083,1.0
2009-03-24,7.59499979019165,7.380000114440918,7.46999979019165,7.420000076293945,293600,7.420000076293945,7.332666683197021,0.16356182612015413,0.15184600594077646,65.57377177327884,65.5737717732788,52.14663505874859,54.328069347368846,-34.426228226721165,0.6249995742521313
2009-03-25,7.40500020980835,7.135000228881836,7.40500020980835,7.385000228881836,1420400,7.385000228881836,7.3416666984558105,0.15126696050217525,0.1517301968530562,62.704932449386874,69.26230180971386,50.52754351853082,53.536431974761136,-37.295067550613126,0.5
2009-03-26,7.605000019073486,7.385000228881836,7.385000228881836,7.525000095367432,1320400,7.525000095367432,7.368000030517578,0.15107803170207124,0.1515997638228592,74.18032882995912,67.48634435087492,56.78865150204207,56.28066935061308,-25.819671170040873,1.0
2009-03-27,7.574999809265137,7.070000171661377,7.460000038146973,7.394999980926514,991800,7.394999980926514,7.395000044504801,0.13883830704571487,0.14904747246742991,62.761497260481136,66.54891951327568,49.94146857294266,53.141984693379506,-37.238502739518864,1.0
2009-03-30,7.34499979019165,6.989999771118164,7.260000228881836,7.309999942779541,575800,7.309999942779541,7.439000034332276,0.12088616780987405,0.14341521153591802,41.43645448208384,59.45942685750799,45.734968201304646,51.13400947996821,-58.56354551791616,0.0
2009-03-31,7.489999771118164,7.235000133514404,7.304999828338623,7.324999809265137,1000400,7.324999809265137,7.460333347320557,0.10664001369277276,0.1360601719672882,39.41175150624376,47.8699010829362,46.65993935745259,51.48240518860016,-60.58824849375624,0.0
2009-04-01,7.809999942779541,7.204999923706055,7.204999923706055,7.764999866485596,2333800,7.764999866485596,7.503000005086263,0.1293619421653922,0.1347205260069089,91.17644088904846,57.341548959125326,66.31163962931268,60.401065345456004,-8.823559110951543,0.5
2009-04-02,8.270000457763672,7.795000076293945,7.795000076293945,8.175000190734863,1269200,8.175000190734863,7.541333357493083,0.1783955141650413,0.14345552363853595,92.57810811978739,74.38876683835984,75.94583056509805,66.568114064604,-7.42189188021261,0.5
2009-04-03,8.319999694824219,8.010000228881836,8.220000267028809,8.3149995803833,1647800,8.3149995803833,7.583333333333333,0.2259468818239787,0.15995379527562537,99.62405152422978,94.45953351102185,78.40596025927798,68.37901974779948,-0.37594847577021756,1.0
2009-04-06,8.239999771118164,8.0649995803833,8.175000190734863,8.234999656677246,1113200,8.234999656677246,7.623999977111817,0.25424569742899195,0.17881217570629945,93.60901932158617,95.27039298853441,73.40122439288336,66.17322366451026,-6.390980678413832,1.0
2009-04-07,8.024999618530273,7.614999771118164,8.024999618530273,7.679999828338623,1842600,7.679999828338623,7.627666632334392,0.22924716983061444,0.18889917453116276,51.87970652643112,81.70425912408233,48.39748578005845,53.32218125580849,-48.12029347356888,0.5
2009-04-08,7.940000057220459,7.625,7.724999904632568,7.829999923706055,1013000,7.829999923706055,7.640999952952067,0.2190145092278204,0.19492224147049445,63.15790983259788,69.54887856020503,53.402546030152884,55.81947868756199,-36.84209016740212,0.5
2009-04-09,8.239999771118164,7.920000076293945,7.920000076293945,8.135000228881836,1237800,8.135000228881836,7.688999970753987,0.23283164109024312,0.20250412139444435,86.09026492070161,67.0426270932435,62.1186014076488,60.452575211030776,-13.909735079298382,1.0
2009-04-13,8.15999984741211,7.949999809265137,8.149999618530273,8.074999809265137,276400,8.074999809265137,7.74399995803833,0.23621738918211488,0.20924677495197855,81.57895491629894,76.94237655653278,59.56163395754316,59.138709281382184,-18.42104508370106,1.0
2009-04-14,8.149999618530273,7.829999923706055,8.050000190734863,7.855000019073486,682600,7.855000019073486,7.761666615804036,0.21862852734977078,0.21112312543153697,65.037616359029,77.56894539867649,50.64405836072399,54.464556747999445,-34.962383640971,0.5
2009-04-15,7.96999979019165,7.699999809265137,7.755000114440918,7.909999847412109,506600,7.909999847412109,7.794333267211914,0.20674397165199654,0.21024729467562883,69.17294203524149,71.92983777018979,52.70916751833256,55.4133244280236,-30.827057964758506,0.5
2009-04-16,8.470000267028809,7.920000076293945,7.920000076293945,8.354999542236328,417600,8.354999542236328,7.858999888102214,0.23057473164235542,0.21431278206897417,92.22968336090182,75.48008058505741,66.09869289199813,62.2642114509995,-7.770316639098185,0.8571399377388438
2009-04-17,8.449999809265137,8.255000114440918,8.319999694824219,8.395000457763672,691200,8.395000457763672,7.9169999122619625,0.2498088316502196,0.2214119919852233,94.93244701793229,85.44502413802518,67.07627708218524,62.81727850553496,-5.067552982067707,0.924243562696876
2009-04-20,8.345000267028809,8.170000076293945,8.229999542236328,8.255000114440918,394400,8.255000114440918,7.974333254496257,0.2508634595048367,0.227302285489146,83.00394511963897,90.05535849949099,60.01033990736236,59.52879761539887,-16.996054880361022,0.5
2009-04-21,8.444999694824219,8.095000267028809,8.329999923706055,8.420000076293945,401000,8.420000076293945,8.048333263397216,0.2619931389809196,0.23424045618750072,96.04741682492127,91.3279363208308,65.06979238801247,62.05032502007742,-3.952583175078725,0.6779668961950021
2009-04-22,8.795000076293945,8.274999618530273,8.274999618530273,8.609999656677246,388000,8.609999656677246,8.133999919891357,0.28288380504864996,0.24396912595973058,84.32200239226715,87.79112144560908,70.14434739923763,64.77213260218096,-15.677997607732841,1.0
2009-04-23,8.6850004196167,8.229999542236328,8.619999885559082,8.3149995803833,433600,8.3149995803833,8.170666567484538,0.2724948244764782,0.2496742656630801,59.32200239226716,79.89714053648515,55.531030378630014,57.83622260019136,-40.67799760773284,0.5
2009-04-24,8.494999885559082,8.279999732971191,8.300000190734863,8.40999984741211,437800,8.40999984741211,8.18633321126302,0.2688282580480328,0.2535050641400706,67.37287039731032,70.33895839394816,58.75903696645726,59.34597652619639,-32.627129602689685,0.5
2009-04-27,8.694999694824219,8.279999732971191,8.289999961853027,8.529999732971191,704400,8.529999732971191,8.20066655476888,0.27246458516341576,0.25729696834473964,77.54234959428442,68.0790741279539,62.74443162703906,61.234211208343126,-22.45765040571558,0.5180175923046125
2009-04-28,8.675000190734863,8.444999694824219,8.479999542236328,8.510000228881836,367800,8.510000228881836,8.218999926249186,0.2706131553615574,0.2599602057481032,75.64104027113693,73.5187534209105,61.58720552740684,60.72796215639027,-24.358959728863073,0.5
2009-04-29,9.149999618530273,8.619999885559082,8.619999885559082,9.0649995803833,1196200,9.0649995803833,8.311333243052164,0.3103518507957066,0.2700385347576239,94.13792763255253,82.44043916599124,75.94874117812162,68.50866887568046,-5.862072367447474,1.0
2009-04-30,9.305000305175781,8.725000381469727,9.130000114440918,8.760000228881836,706400,8.760000228881836,8.373333263397218,0.31361909352168027,0.27875464651043513,66.04361944544301,78.60752911637742,61.263529209700174,61.31880876034532,-33.956380554556986,0.5761588734756984
2009-05-01,8.805000305175781,8.399999618530273,8.805000305175781,8.645000457763672,284400,8.645000457763672,8.407333278656006,0.3034311699327876,0.28368995119490564,58.878526885585856,73.02002465452706,56.461172841735795,58.812540274596294,-41.121473114414144,0.5
2009-05-04,9.505000114440918,8.774999618530273,8.774999618530273,9.399999618530273,1677400,9.399999618530273,8.495666599273681,0.3522188080230908,0.2973957225605427,94.18279899401907,73.03498177501592,72.79522161140329,68.04647557816251,-5.817201005980937,0.5
2009-05-05,9.970000267028809,9.194999694824219,9.3100004196167,9.944999694824219,1181800,9.944999694824219,8.634999910990397,0.4299044240011298,0.32389746284866017,98.78046000592674,83.94726196184382,79.32684078510948,72.78892117982838,-1.2195399940732636,1.0
2009-05-06,10.069999694824219,9.704999923706055,9.979999542236328,9.869999885559082,495200,9.869999885559082,8.765666580200195,0.4798871561267344,0.35509540150427504,89.87342444507003,94.27889448167188,76.38255325384696,71.22235692925744,-10.126575554929966,1.0
2009-05-07,9.90999984741211,9.420000076293945,9.835000038146973,9.479999542236328,1086400,9.479999542236328,8.840666580200196,0.48246760219041285,0.38056984164150265,70.12656589746574,86.2601501161541,62.344422386463286,63.56166956499107,-29.873434102534265,0.7142779291553134
2009-05-08,9.619999885559082,9.295000076293945,9.619999885559082,9.46500015258789,390400,9.46500015258789,8.911999893188476,0.47779458144749043,0.40001478960270026,69.3671029104217,76.45569775098575,61.8345031705351,63.27976019991684,-30.632897089578293,0.957317243368472
2009-05-11,9.645000457763672,9.274999618530273,9.390000343322754,9.5,578000,9.5,8.994999885559082,0.47148042800261436,0.4143079172826832,69.02175828504494,69.50514236431071,62.66578848771653,63.68450697669612,-30.978241714955065,1.0
2009-05-12,9.875,8.90999984741211,9.479999542236328,9.09000015258789,566800,9.09000015258789,9.039666557312012,0.4284540103723593,0.4171371359006185,46.73915973006873,61.70934030851172,48.290789345104244,55.91005104007303,-53.26084026993127,1.0
2009-05-13,9.029999732971191,8.8149995803833,8.899999618530273,8.954999923706055,402400,8.954999923706055,9.062666575113932,0.37909197020401386,0.40952810276129764,37.70950866591616,51.15680889367653,44.38001826520417,53.59021542621121,-62.29049133408384,0.0
2009-05-14,9.109999656677246,8.8100004196167,8.90999984741211,9.03499984741211,317400,9.03499984741211,9.110666592915853,0.3424796123182752,0.3961184046726932,42.178778241946645,42.20914887931044,47.32899633135429,54.78741462063386,-57.821221758053355,0.0
2009-05-15,9.260000228881836,8.954999923706055,9.100000381469727,9.045000076293945,303000,9.045000076293945,9.152999941507975,0.31068955124543507,0.37903263398724163,38.622780137534676,39.503689015132416,47.733138603736265,54.943879083203136,-61.377219862465324,0.0
2009-05-18,9.395000457763672,8.880000114440918,9.069999694824219,9.385000228881836,357600,9.385000228881836,9.209999974568685,0.30936463927877256,0.36509903504554786,58.982069781545775,46.5945427203423,59.92892135498139,60.010891290698595,-41.017930218454225,0.5
2009-05-19,9.6899995803833,9.329999923706055,9.4399995803833,9.635000228881836,281400,9.635000228881836,9.284999974568684,0.32474405364398784,0.35702803876523587,73.95212897787819,57.18565963231947,66.61206125237727,63.28080908938595,-26.047871022121818,0.5
2009-05-20,10.350000381469727,9.630000114440918,9.630000114440918,10.204999923706055,930200,10.204999923706055,9.360999997456869,0.3785626301403493,0.3613349570402586,92.56408199835283,75.16609358592552,76.8723965863995,69.42047975595904,-7.435918001647166,1.0
2009-05-21,10.109999656677246,9.710000038146973,10.109999656677246,10.005000114440918,763200,10.005000114440918,9.443999989827473,0.40045970512702667,0.3691599066576122,78.09523175182923,81.53714757602002,68.28258480914383,65.29502608479243,-21.90476824817076,0.5
2009-05-22,10.194999694824219,9.970000267028809,10.104999542236328,10.095000267028809,336200,10.095000267028809,9.540666643778483,0.42023137452919457,0.37937420023192875,83.4415506001646,84.70028811678215,70.04015715801981,66.2665276373422,-16.5584493998354,0.833335099393888
2009-05-26,10.220000267028809,10.03499984741211,10.095000267028809,10.125,1364800,10.125,9.589000002543132,0.4333261726740165,0.39016459472034637,85.38958525693782,82.30878920297715,70.67215630211264,66.6021333384767,-14.610414743062174,0.75
2009-05-27,10.145000457763672,9.96500015258789,10.104999542236328,10.03499984741211,1390600,10.03499984741211,9.595000012715657,0.43146795012194694,0.39842526580066656,79.54541935971295,82.79218507227174,65.81299557672085,64.5280446296297,-20.454580640287045,0.5
2009-05-28,10.25,9.875,10.0,10.21500015258789,541200,10.21500015258789,9.618000030517578,0.43945404128774435,0.4066310208980821,91.23375115416269,85.38958525693778,70.53940388902203,66.75773459112776,-8.766248845837305,0.5
2009-05-29,10.420000076293945,10.119999885559082,10.119999885559082,10.420000076293945,1559200,10.420000076293945,9.680666732788087,0.4570561746535109,0.4167160516491679,100.0,90.25972350462517,75.11132931846417,69.13710040048993,-0.0,0.7500059604701619
2009-06-01,10.725000381469727,10.265000343322754,10.404999732971191,10.399999618530273,1244400,10.399999618530273,9.743000030517578,0.46404292508486655,0.4261814263363076,83.02868044838132,91.42081053418129,73.80758735845077,68.62104202332064,-16.97131955161868,0.6363596955142099
2009-06-02,10.529999732971191,10.1850004196167,10.449999809265137,10.4399995803833,681800,10.4399995803833,9.805666669209797,0.46741951189103936,0.434429043447254,85.11745134393381,89.38204393077166,74.82708479687058,69.11752469870405,-14.88254865606619,1.0
2009-06-03,10.494999885559082,10.274999618530273,10.4350004196167,10.385000228881836,350600,10.385000228881836,9.892000007629395,0.460350858779794,0.439613406513762,82.24542248769063,83.46385142666854,70.42954004107642,67.53526109191151,-17.75457751230937,0.7553192784530163
2009-06-04,10.4399995803833,10.21500015258789,10.300000190734863,10.265000343322754,901800,10.265000343322754,9.979333368937175,0.43999394465932795,0.43968951414287516,75.06775221839086,80.81020868333839,61.26457302651073,64.08799133553636,-24.93224778160913,0.5
2009-06-05,10.555000305175781,10.15999984741211,10.40999984741211,10.5,1281800,10.5,10.077000045776368,0.43777701345865694,0.4393070140060315,87.80485913793024,81.70601128133721,70.14172970177921,67.57821085007662,-12.195140862069767,0.5
2009-06-08,10.755000114440918,10.335000038146973,10.335000038146973,10.680000305175781,375400,10.680000305175781,10.186000061035156,0.4454101758718991,0.44052764637920505,94.73685619463252,85.86982251698451,75.21712649453472,69.98450775415715,-5.263143805367479,0.798077981146609
2009-06-09,10.819999694824219,10.555000305175781,10.630000114440918,10.78499984741211,471000,10.78499984741211,10.279333368937175,0.45469069907572823,0.4433602569185098,97.05883531481281,93.20018354912516,77.78679729342053,71.32161362132997,-2.941164685187189,1.0
2009-06-10,10.975000381469727,10.380000114440918,10.944999694824219,10.524999618530273,427800,10.524999618530273,10.338666661580403,0.43603935893542634,0.44189607732189307,64.42682681354503,85.40750610766344,59.857047330340414,63.74870526762298,-35.573173186454966,1.0
2009-06-11,10.494999885559082,10.244999885559082,10.404999732971191,10.329999923706055,551600,10.329999923706055,10.346999994913737,0.4009018547106926,0.43369723279965305,41.36361508330776,67.61642573722185,49.81089654721919,58.7134229485064,-58.63638491669224,1.0
2009-06-12,10.395000457763672,9.970000267028809,10.395000457763672,10.085000038146973,583600,10.085000038146973,10.352333323160808,0.34925965020100236,0.4168097162799229,19.090905938267817,41.62711594504018,39.97613299454562,53.044395088613946,-80.90909406173219,0.5
2009-06-15,10.085000038146973,9.670000076293945,10.085000038146973,9.989999771118164,541400,9.989999771118164,10.345333290100097,0.2972407019318126,0.3928959134103009,24.521043677542693,28.3251882330394,36.69826935706865,50.98856322280823,-75.47895632245731,0.5
2009-06-16,10.074999809265137,9.529999732971191,9.930000305175781,9.640000343322754,283200,9.640000343322754,10.312999979654949,0.22517758954044353,0.3593522486363295,7.612495569871297,17.07481506189391,27.134953809517867,44.1929550975043,-92.3875044301287,0.5
2009-06-17,9.725000381469727,9.380000114440918,9.609999656677246,9.619999885559082,617600,9.619999885559082,10.285333315531412,0.1645562825358695,0.3203930554162375,15.047005074503177,15.7268481073057,26.67158046845813,43.8334389659432,-84.95299492549682,0.4512183775435201
2009-06-18,9.770000457763672,9.595000267028809,9.619999885559082,9.640000343322754,441600,9.640000343322754,10.246999994913738,0.11678114880281854,0.27967067409355373,16.3009520597867,12.986817568053704,28.10394580751087,44.32123650438375,-83.6990479402133,0.5
2009-06-19,9.704999923706055,9.390000343322754,9.645000457763672,9.4350004196167,815600,9.4350004196167,10.181333351135255,0.061666385788262446,0.23606981643249547,3.4482944180465047,11.598750517445438,22.78236325029276,40.44406495725727,-96.5517055819535,0.5
2009-06-22,9.489999771118164,9.09000015258789,9.369999885559082,9.210000038146973,555200,9.210000038146973,10.102000045776368,-0.0001661885029236032,0.18882261544541165,6.366040901239827,8.705095793024322,18.336416024965544,36.65406240736756,-93.63395909876017,0.14999961853027344
2009-06-23,9.404999732971191,9.029999732971191,9.199999809265137,9.135000228881836,530200,9.135000228881836,10.015000089009602,-0.054591507621930546,0.14013979083194322,5.3984812802865045,5.070938866524258,17.043008216339516,35.461175110119314,-94.6015187197135,0.0
2009-06-24,9.774999618530273,9.239999771118164,9.25,9.385000228881836,417200,9.385000228881836,9.948333422342936,-0.07666728811604706,0.09677837504234515,18.25194743172405,10.005489871083439,34.90065675627375,42.2123153035928,-81.74805256827595,0.0
2009-06-25,9.645000457763672,9.364999771118164,9.399999618530273,9.600000381469727,834600,9.600000381469727,9.904000091552735,-0.07593842203281298,0.062235015627313525,29.305936167093492,17.652121626367997,46.46354735140328,47.316368790410145,-70.69406383290651,0.0
2009-06-26,10.75,9.475000381469727,9.475000381469727,10.609999656677246,14605200,10.609999656677246,9.911333401997885,0.006067742087752848,0.0510015609194014,81.23390215451872,42.93059525111207,72.87180632362963,63.58697305333375,-18.766097845481276,1.0
2009-06-29,10.34000015258789,10.119999885559082,10.255000114440918,10.164999961853027,1510200,10.164999961853027,9.877000045776366,0.03474989560578834,0.04775122785667879,58.354748095226185,56.298195472279446,58.132024164994405,55.45996146376301,-41.645251904773815,0.5
2009-06-30,10.350000381469727,10.119999885559082,10.220000267028809,10.265000343322754,2236400,10.265000343322754,9.84233341217041,0.06480289449177157,0.05116156118369735,71.80234991968622,70.4636667231437,60.24046565102329,56.79628150589335,-28.19765008031378,0.5750005960470161
2009-07-01,10.765000343322754,10.21500015258789,10.229999542236328,10.604999542236328,703000,10.604999542236328,9.84766674041748,0.11473263386738175,0.06387577572043424,90.77805505474693,73.64505102321976,66.8603516496986,61.07265472580382,-9.221944945253068,1.0
2009-07-02,10.604999542236328,10.194999694824219,10.604999542236328,10.204999923706055,846200,10.204999923706055,9.839333407084148,0.12063508612522966,0.07522763780139333,67.72333010861439,76.76791169434917,54.423180459548924,54.26718461105439,-32.2766698913856,1.0
2009-07-06,10.244999885559082,9.9350004196167,10.244999885559082,10.055000305175781,607800,10.055000305175781,9.837333424886067,0.11191897642253146,0.08256590552562096,59.07782199551471,72.52640238629199,50.32741615423603,51.9302477025591,-40.92217800448529,1.0
2009-07-07,10.1899995803833,9.899999618530273,10.015000343322754,9.944999694824219,618400,9.944999694824219,9.834333419799805,0.09503970968768449,0.08506066635803368,52.73773141022822,59.84629450478576,47.28297514005626,50.22221879670787,-47.26226858977178,0.5357134342185483
2009-07-08,10.170000076293945,9.770000457763672,10.085000038146973,9.925000190734863,1033400,9.925000190734863,9.853333409627279,0.07913673756961082,0.08387588060034912,51.58502264632162,54.4668586840215,46.68395490577857,49.90085891530271,-48.41497735367838,0.5
2009-07-09,10.3149995803833,9.920000076293945,9.920000076293945,10.204999923706055,1299600,10.204999923706055,9.89233341217041,0.08811145850119395,0.0847229961805181,67.72333010861439,57.348694721721394,55.82504506076647,54.30894458397636,-32.2766698913856,0.5
2009-07-10,10.414999961853027,10.085000038146973,10.204999923706055,10.229999542236328,532800,10.229999542236328,9.931666692097982,0.0961330870756889,0.08700501435955227,69.16422980519766,62.8241941867112,56.6001330691154,54.69225676847804,-30.83577019480234,0.5438590033596123
2009-07-13,10.289999961853027,9.914999961853027,10.289999961853027,10.204999923706055,873400,10.204999923706055,9.982999992370605,0.09932803371473753,0.08946961823058933,67.72333010861439,68.20363000747547,55.464759380611525,54.20256147643918,-32.2766698913856,0.5
2009-07-14,10.59000015258789,10.095000267028809,10.095000267028809,10.489999771118164,814600,10.489999771118164,10.068333307902018,0.12343428141901924,0.09626255086827532,81.9671823593456,72.95158075771921,64.84419071664666,58.738254085709066,-18.0328176406544,0.5
2009-07-15,10.895000457763672,10.510000228881836,10.574999809265137,10.800000190734863,466000,10.800000190734863,10.179333305358886,0.16564365962892857,0.11013877262040599,93.79083500693751,81.16044915829916,72.25845137685448,63.02752331615183,-6.20916499306249,0.9189194065551123
2009-07-16,10.899999618530273,10.550000190734863,10.75,10.829999923706055,380800,10.829999923706055,10.275666618347168,0.1992191490261188,0.12795484790154857,95.08773808408401,90.2819184834557,72.90363550240346,63.42377793982601,-4.912261915915996,0.7681157016569088
2009-07-17,10.8100004196167,10.5649995803833,10.779999732971191,10.645000457763672,423200,10.645000457763672,10.345333290100097,0.20849663738780677,0.14406320579880022,77.43368582737638,88.7707529727993,62.453753384190314,59.209483812281796,-22.56631417262362,0.5
2009-07-20,11.010000228881836,10.520000457763672,10.574999809265137,10.989999771118164,578400,10.989999771118164,10.370666631062825,0.24091060505210216,0.16343268564946062,98.38705956004843,90.30282782383627,71.37933415215804,64.01194193950042,-1.6129404399515779,1.0
2009-07-21,11.015000343322754,10.829999923706055,11.015000343322754,10.944999694824219,355800,10.944999694824219,10.422666613260905,0.25997099431830506,0.18274034738322953,94.37745743509844,90.06606760750776,68.88731695545889,62.97053263095338,-5.622542564901565,0.529412424687812
2009-07-22,11.015000343322754,10.8149995803833,10.8149995803833,10.9399995803833,217600,10.9399995803833,10.467666562398275,0.2715428457687974,0.20050084706034313,93.97584178043734,95.58011959186142,68.57695375902601,62.84818246775047,-6.024158219562658,0.5
2009-07-23,11.104999542236328,10.819999694824219,11.039999961853027,11.024999618530273,376600,11.024999618530273,10.495666567484538,0.2842952350866472,0.217259724665604,94.00749224201485,94.12026381918355,71.15443744385298,64.12430213976756,-5.992507757985153,0.5
2009-07-24,11.15999984741211,10.904999732971191,11.125,11.085000038146973,311200,11.085000038146973,10.554333241780599,0.2958329494640388,0.232974369625291,94.60432789944564,94.19588730729929,72.9796780283967,65.03723114992397,-5.395672100554366,0.6388891832323147
2009-07-27,11.100000381469727,10.835000038146973,11.085000038146973,11.03499984741211,274600,11.03499984741211,10.619666544596354,0.2975125346089502,0.2458820026220229,91.00719029584499,93.20633681243517,68.75026917948702,63.58513849583956,-8.992809704155002,0.5
2009-07-28,11.265000343322754,10.895000457763672,10.895000457763672,11.21500015258789,429000,11.21500015258789,10.7043332417806,0.3097969905286835,0.25866500020335503,96.29628321434778,93.96926713654615,74.86757838964657,66.4861095425541,-3.703716785652221,1.0
2009-07-29,11.25,11.029999732971191,11.0649995803833,11.039999961853027,187000,11.039999961853027,10.778666559855143,0.30193098573267285,0.26731819730921863,83.333309785826,90.21226109867293,61.26455343046579,61.367487760938644,-16.666690214173997,0.5
2009-07-30,11.319999694824219,11.114999771118164,11.154999732971191,11.175000190734863,1834000,11.175000190734863,10.84333324432373,0.30309660099544367,0.27447387804646367,89.67974863719574,89.76978054578986,66.70854299300235,63.68985435959804,-10.320251362804251,0.5
2009-07-31,11.25,11.119999885559082,11.194999694824219,11.199999809265137,708800,11.199999809265137,10.907999928792318,0.30255001145705585,0.2800891047285821,90.20408639904088,87.73904827402089,67.68960542386641,64.11999833122317,-9.795913600959125,0.5
2009-08-03,11.555000305175781,11.175000190734863,11.244999885559082,11.555000305175781,1818400,11.555000305175781,10.997999954223634,0.3269930351018715,0.28946989080324,100.0,93.29461167874554,78.2890816330999,69.62312173751428,-0.0,1.0
2009-08-04,11.710000038146973,11.274999618530273,11.385000228881836,11.470000267028809,639200,11.470000267028809,11.063333320617676,0.3356365062501787,0.2987032138926278,79.83194489523603,90.01201043142562,71.71702414473484,66.97437572596428,-20.168055104763965,0.5
2009-08-05,11.5649995803833,11.204999923706055,11.53499984741211,11.479999542236328,343200,11.479999542236328,11.108666610717773,0.3393812020561313,0.3068388115253285,80.67222041905586,86.83472177143062,72.03916549494696,67.13278616523024,-19.32777958094414,0.5094324005297403
2009-08-06,11.75,11.345000267028809,11.40999984741211,11.475000381469727,688000,11.475000381469727,11.151666641235352,0.3380486950300554,0.3130807882262739,77.64229911579626,79.38215481002938,71.56373205564252,66.95986005801893,-22.357700884203737,0.5
2009-08-07,11.755000114440918,11.494999885559082,11.619999885559082,11.739999771118164,841200,11.739999771118164,11.224666595458984,0.35429185305511446,0.32132300119204205,98.40421970208854,85.57291307898022,79.805881858318,71.1954970488749,-1.5957802979114544,1.0
2009-08-10,11.885000228881836,11.494999885559082,11.704999923706055,11.670000076293945,651600,11.670000076293945,11.26999994913737,0.35739643891381156,0.328537688736396,79.90653997363583,85.31768626384023,73.2618715130158,68.6904873687669,-20.093460026364177,1.0
2009-08-11,11.90999984741211,11.345000267028809,11.545000076293945,11.46500015258789,500400,11.46500015258789,11.304666646321614,0.33940264300014,0.33071067958914485,59.17434563952166,79.1617017717487,57.228473301610286,61.82938292634307,-40.82565436047834,0.5
2009-08-12,11.78499984741211,11.444999694824219,11.515000343322754,11.59000015258789,1175400,11.59000015258789,11.34800001780192,0.3314086129827416,0.33085026626786423,70.23258124641264,69.77115561985671,62.99036941403064,64.17889361485277,-29.767418753587368,1.0
2009-08-13,11.604999542236328,11.395000457763672,11.604999542236328,11.46500015258789,477400,11.46500015258789,11.377333386739094,0.3113972379598504,0.32695966060626147,58.60467220655436,62.67053303082957,54.435052409604204,60.1890970188423,-41.39532779344564,1.0
2009-08-14,11.494999885559082,11.164999961853027,11.454999923706055,11.414999961853027,283000,11.414999961853027,11.399333381652832,0.28818150463340686,0.31920402941169057,51.231509042529204,60.022920831832074,51.19046510809637,58.619292998389476,-48.768490957470796,1.0
2009-08-17,11.34000015258789,11.079999923706055,11.3100004196167,11.1850004196167,456000,11.1850004196167,11.409333419799804,0.24836087857896771,0.305035399245146,17.61371210093341,42.483297783339005,38.78427143625735,51.91216294617215,-82.38628789906659,0.0
2009-08-18,11.414999961853027,11.175000190734863,11.265000343322754,11.335000038146973,366400,11.335000038146973,11.41733341217041,0.22629784030279154,0.2892878874566751,30.722908178389968,33.189376440617536,48.314960595668936,55.489093106176256,-69.27709182161003,0.0
2009-08-19,11.539999961853027,11.199999809265137,11.220000267028809,11.444999694824219,952800,11.444999694824219,11.44433339436849,0.21520799257722878,0.27447190848078584,43.97588008061421,30.770833453312537,54.390249608300714,57.95875040010241,-56.02411991938579,0.5
2009-08-20,11.630000114440918,11.210000038146973,11.210000038146973,11.5600004196167,589600,11.5600004196167,11.470000076293946,0.21324069955466918,0.2622256666955625,57.831390365360704,44.176726208121636,60.10936752477688,60.43060858510395,-42.168609634639296,0.5
2009-08-21,11.78499984741211,11.510000228881836,11.569999694824219,11.760000228881836,815200,11.760000228881836,11.507333437601725,0.22522368018046635,0.2548252693925433,81.92775514237324,61.2450085294494,68.19987815807356,64.3557157652721,-18.072244857626753,0.5
2009-08-24,11.949999809265137,11.675000190734863,11.774999618530273,11.824999809265137,656800,11.824999809265137,11.525333404541016,0.23723055532582116,0.2513063265791989,85.63218201808473,75.13044250860624,70.47071389183249,65.55170038339048,-14.367817981915262,0.5
2009-08-25,12.25,11.895000457763672,11.930000305175781,12.114999771118164,1544800,12.114999771118164,11.568333371480305,0.2670680689315077,0.25445867504966063,88.46151965139538,85.34048560395115,78.47247008270989,70.33428428530792,-11.53848034860462,1.0
2009-08-26,12.135000228881836,11.904999732971191,12.0,12.100000381469727,1335200,12.100000381469727,11.609666760762533,0.28620499502046925,0.2608079390438224,87.17952061974155,87.09107409640724,77.2099792346808,69.79455414031776,-12.820479380258455,1.0
2009-08-27,12.119999885559082,11.664999961853027,12.119999885559082,11.895000457763672,1041400,11.895000457763672,11.637666765848795,0.28158344769032695,0.26496304077312327,69.65816076176566,81.76640034430089,61.44699427537061,62.71148497261039,-30.34183923823435,1.0
2009-08-28,12.100000381469727,11.510000228881836,11.9350004196167,11.704999923706055,1044800,11.704999923706055,11.635333442687989,0.2595969114766348,0.26388981491382557,53.41879993544359,70.08549377231695,50.33518860435416,56.94343019526363,-46.58120006455641,1.0
2009-08-31,11.760000228881836,11.585000038146973,11.680000305175781,11.6850004196167,535800,11.6850004196167,11.636333465576172,0.23781722140533468,0.25867529621212737,51.709440723031804,58.262133806747045,49.241665601289064,56.355845667940955,-48.290559276968196,1.0
2009-09-01,11.9350004196167,11.53499984741211,11.710000038146973,11.614999771118164,1253800,11.614999771118164,11.646333440144856,0.2124590966253148,0.24943205629476486,45.72647970304051,50.284906787172,45.229255729157174,54.245947264690216,-54.27352029695949,0.5
2009-09-02,11.680000305175781,11.40999984741211,11.670000076293945,11.494999885559082,873200,11.494999885559082,11.640000089009602,0.1805977932874896,0.23566520369330982,35.47007989670974,44.30200010759405,38.89128277237497,50.73900987574675,-64.52992010329025,0.0
2009-09-03,11.649999618530273,11.4350004196167,11.619999885559082,11.585000038146973,435800,11.585000038146973,11.648000081380209,0.16075663848325839,0.22068349065129955,43.162400129112825,41.45298657628772,45.56569226447026,53.18359879225252,-56.837599870887175,0.0
2009-09-04,11.850000381469727,11.510000228881836,11.510000228881836,11.84000015258789,263800,11.84000015258789,11.6763334274292,0.16372147903218526,0.20929108832747667,61.86047254348978,46.83098418977081,60.00531583621235,59.34030747737409,-38.13952745651022,0.5
2009-09-08,12.079999923706055,11.835000038146973,11.835000038146973,12.050000190734863,443000,12.050000190734863,11.734000078837077,0.18093072765579343,0.20361901619314002,80.95240257764497,61.99175841674923,68.12827880124999,63.58717430154391,-19.04759742235503,0.5
2009-09-09,12.319999694824219,11.9399995803833,11.994999885559082,12.295000076293945,706800,12.295000076293945,11.798000081380208,0.21189601887327747,0.20527441672916752,97.74778141777907,80.1868855129713,75.03082961033371,67.81132018504991,-2.2522185822209275,0.5
2009-09-10,12.869999885559082,12.229999542236328,12.305000305175781,12.824999809265137,970400,12.824999809265137,11.890000089009602,0.27602098598079294,0.21942373057949263,96.91780307409722,91.87266235650712,83.85532604660128,74.6597359063757,-3.0821969259027737,1.0
2009-09-11,13.015000343322754,12.619999885559082,12.765000343322754,12.739999771118164,1230600,12.739999771118164,11.968666712443033,0.31633517672702993,0.2388060198090001,82.866013256366,92.51053258274744,78.65419305916862,72.01349726797753,-17.133986743634004,0.574467869244973
2009-09-14,12.800000190734863,12.609999656677246,12.770000457763672,12.704999923706055,814400,12.704999923706055,12.031666692097982,0.34152339901633866,0.25934949565046783,80.68533807892618,86.8230514697965,76.37840552479992,70.8991632708912,-19.31466192107382,0.5
2009-09-15,13.020000457763672,12.654999732971191,12.734999656677246,12.9399995803833,1033000,12.9399995803833,12.106000010172526,0.3761121679401427,0.28270203010840284,95.03100328869428,86.19411820799552,80.74301993071495,73.82756932686978,-4.968996711305716,0.5
2009-09-16,13.375,12.914999961853027,13.020000457763672,13.225000381469727,398200,13.225000381469727,12.18000005086263,0.421660558769414,0.3104937358406051,92.36643221972655,89.3609245291157,84.73405838248493,76.86779850584536,-7.633567780273455,1.0
2009-09-17,13.25,13.0600004196167,13.25,13.069999694824219,452600,13.069999694824219,12.24466667175293,0.4401766443266304,0.33643031753781016,84.47835717599827,90.62526422813973,74.88635909856225,71.97121332585971,-15.521642824001724,0.5
2009-09-18,13.300000190734863,13.015000343322754,13.180000305175781,13.204999923706055,827200,13.204999923706055,12.331999969482421,0.4604365398998329,0.3612315620102148,91.34859729806858,89.39779556459784,77.53886381035878,73.55149864525586,-8.65140270193142,1.0
2009-09-21,13.289999961853027,13.069999694824219,13.074999809265137,13.09000015258789,679000,13.09000015258789,12.424333318074543,0.46188876651033084,0.38136300291023806,85.49619209765625,87.10771552390774,70.17296770942465,69.9343298187127,-14.503807902343757,0.8508770462180937
2009-09-22,13.239999771118164,13.100000381469727,13.109999656677246,13.175000190734863,952200,13.175000190734863,12.52366663614909,0.4645434910473103,0.3979991005376526,89.82189344862195,88.88889428144897,72.43131698143429,71.06693494959754,-10.178106551378047,1.0
2009-09-23,13.239999771118164,12.880000114440918,13.175000190734863,12.890000343322754,816600,12.890000343322754,12.608666674296062,0.43859443000944687,0.40611816643201143,75.00001228962014,83.43936594529949,55.880670258627234,62.55756057483468,-24.999987710379862,1.0
2009-09-24,12.899999618530273,12.645000457763672,12.895000457763672,12.770000457763672,571000,12.770000457763672,12.693666712443035,0.40369310153781335,0.4056331534531718,67.56034227963472,77.4607493392923,50.241278523441316,59.33597961014029,-32.43965772036527,1.0
2009-09-25,12.755000114440918,12.425000190734863,12.699999809265137,12.425000190734863,535200,12.425000190734863,12.74966672261556,0.34422687592069146,0.3933518979466758,38.31169916900286,60.29068457941927,37.535566218429885,51.17616541668632,-61.68830083099714,0.0
2009-09-28,12.835000038146973,12.4399995803833,12.460000038146973,12.729999542236328,569800,12.729999542236328,12.809000015258789,0.31804414736270914,0.3782903478298825,55.05224605188917,53.64142916684228,50.45785436139186,56.82844934047213,-44.94775394811083,0.0
2009-09-29,12.975000381469727,12.649999618530273,12.75,12.835000038146973,631200,12.835000038146973,12.861333338419596,0.30228228678383573,0.36308873562067323,52.838450134097386,48.7341317849965,54.258490791192976,58.605154906537294,-47.161549865902614,0.0
2009-09-30,13.135000228881836,12.800000190734863,12.800000190734863,13.015000343322754,791200,13.015000343322754,12.909333356221516,0.30084743701034533,0.3506404758986077,62.105291688877244,56.6653292916213,60.3430546660435,61.52814608255897,-37.894708311122756,0.6111134658585173
2009-10-01,13.420000076293945,12.960000038146973,13.270000457763672,13.005000114440918,909600,13.005000114440918,12.921333376566569,0.29549706708356993,0.33961179413560016,58.291456323148985,57.745066048707905,59.82723089143635,61.26929765768667,-41.708543676851015,0.5
2009-10-02,13.09000015258789,12.824999809265137,12.96500015258789,13.050000190734863,312800,13.050000190734863,12.942000071207682,0.29152744353905824,0.3299949240162918,62.814077576382616,61.0702751961363,61.552634682410556,62.04313559805923,-37.185922423617384,0.5
2009-10-05,13.345000267028809,13.074999809265137,13.21500015258789,13.289999961853027,894000,13.289999961853027,12.981000073750813,0.3042403704131491,0.3248440132956633,86.9346603625113,69.346731420681,69.66057719205918,65.95053010832191,-13.065339637488702,0.5
2009-10-06,13.725000381469727,13.225000381469727,13.289999961853027,13.579999923706055,558000,13.579999923706055,13.023666763305664,0.33386741408784815,0.3266486934541003,88.84612027005119,79.53161940298172,76.61320138324092,69.97290094182617,-11.153879729948818,0.5
2009-10-07,13.6899995803833,13.414999961853027,13.479999542236328,13.670000076293945,928000,13.670000076293945,13.053333409627278,0.360454227829317,0.3334098003291437,95.76920791490879,90.51666284915711,78.4049906545049,71.11340817809807,-4.2307920850912115,0.5
2009-10-08,14.074999809265137,13.680000305175781,13.680000305175781,13.989999771118164,2051600,13.989999771118164,13.114666748046876,0.40270365322074575,0.34726857090746416,94.84848134554808,93.15460317683603,83.6129723612697,74.78116615647832,-5.151518654451926,1.0
2009-10-09,14.024999618530273,13.6899995803833,14.024999618530273,13.8149995803833,803000,13.8149995803833,13.155333391825359,0.4172557102970309,0.3612659987853776,84.24240672774037,91.62003199606578,72.46312636940601,69.57819782281793,-15.75759327225963,1.0
2009-10-12,13.944999694824219,13.680000305175781,13.779999732971191,13.774999618530273,617800,13.774999618530273,13.201000022888184,0.42071096364078997,0.3731549917564601,81.81816605496633,86.96968470941827,69.97481452401972,68.40664207189755,-18.181833945033667,1.0
2009-10-13,13.819999694824219,13.550000190734863,13.819999694824219,13.649999618530273,319600,13.649999618530273,13.232666651407877,0.40865213406184786,0.3802544202175377,74.24240672774037,80.10099317014904,62.18908787138848,64.73816915778039,-25.75759327225963,0.8333319204848896
2009-10-14,13.755000114440918,13.579999923706055,13.734999656677246,13.725000381469727,1096800,13.725000381469727,13.288333320617676,0.4005302955717056,0.38430959528837133,78.78790856284137,78.28282711518271,64.921235386127,65.91913675717264,-21.212091437158627,1.0
2009-10-15,13.739999771118164,13.454999923706055,13.720000267028809,13.5,810400,13.5,13.336999956766764,0.37165383561825394,0.3817784433543479,64.83182087024082,72.62071205360755,51.81671262045055,59.482960125220416,-35.16817912975918,0.5338990721882779
2009-10-16,13.600000381469727,13.375,13.404999732971191,13.479999542236328,805800,13.479999542236328,13.407333246866862,0.34319897907477426,0.37406255049843323,58.245600885009644,67.28844343936396,50.75425800322292,58.93213972385789,-41.754399114990356,0.5
2009-10-19,13.880000114440918,13.399999618530273,13.545000076293945,13.774999618530273,1701400,13.774999618530273,13.476999918619791,0.3405269581775272,0.3673554320342521,76.47056623588,66.5159959970435,63.598069647417006,64.19823548439159,-23.529433764119993,1.0
2009-10-20,13.989999771118164,13.649999618530273,13.819999694824219,13.725000381469727,1034600,13.725000381469727,13.536333274841308,0.33056430229023626,0.35999720608544894,72.00004577636719,68.90540429908563,60.47904910170243,62.73002583048207,-27.999954223632812,1.0
2009-10-21,13.739999771118164,13.1850004196167,13.649999618530273,13.229999542236328,501400,13.229999542236328,13.55066655476888,0.2795044416944137,0.34389865320724194,32.39997863769531,60.29019688331419,38.60892142704485,50.43284195521348,-67.60002136230469,0.2083303530982524
2009-10-22,13.470000267028809,13.085000038146973,13.125,13.300000190734863,612200,13.300000190734863,13.570333226521809,0.2418991389204148,0.3234987503498765,22.500038146972656,42.300020853678404,42.06535062299278,51.86975049267764,-77.49996185302734,0.5
2009-10-23,13.319999694824219,13.130000114440918,13.21500015258789,13.180000305175781,888600,13.180000305175781,13.578999900817871,0.2001069690839401,0.29882039409668926,9.595988787099385,21.498668523922465,37.8080683281612,49.23480992767552,-90.40401121290061,0.5
2009-10-26,13.345000267028809,13.114999771118164,13.180000305175781,13.149999618530273,875400,13.149999618530273,13.569666544596354,0.16269017761082516,0.27159435079951644,6.565615698060862,12.887214210710985,36.724003854234304,48.5705097443662,-93.43438430193913,0.5
2009-10-27,13.274999618530273,12.789999961853027,13.260000228881836,12.795000076293945,818600,12.795000076293945,13.517333221435546,0.10320195668742471,0.2379158719770981,0.38911401047928634,5.516906165213196,26.30970580249692,41.44458567293136,-99.61088598952071,0.5
2009-10-28,12.694999694824219,12.220000267028809,12.694999694824219,12.260000228881836,1087400,12.260000228881836,13.423333231608073,0.012740235027797198,0.19288074458723792,2.2160651647743754,3.056931624438192,17.556184815902782,33.4740525457221,-97.78393483522562,0.2336449264511897
2009-10-29,12.600000381469727,12.1899995803833,12.244999885559082,12.545000076293945,1301200,12.545000076293945,13.326999918619792,-0.0355444905324358,0.14719569756330317,19.72224768296902,7.4424756194075785,31.682705334765274,40.084548693612184,-80.27775231703097,0.5
2009-10-30,12.550000190734863,11.9399995803833,12.5,12.010000228881836,685200,12.010000228881836,13.206666628519693,-0.1156473887933327,0.09462708029197599,3.4146654627111053,8.450992770151519,23.037601620763425,33.37931238486195,-96.5853345372889,0.178572280067166
2009-11-02,12.260000228881836,11.770000457763672,11.970000267028809,11.90999984741211,1120400,11.90999984741211,13.082333310445149,-0.18506538921151083,0.03868858639127862,6.306280763523922,9.814397969734701,21.743770499364786,32.29197485700993,-93.69371923647608,0.0
2009-11-03,12.194999694824219,11.664999961853027,11.859999656677246,12.1899995803833,794400,12.1899995803833,12.984999974568685,-0.21500754316315351,-0.012050639519607824,22.580630606426165,10.767192277553749,33.875093129479396,38.34783665641155,-77.41936939357383,0.0
2009-11-04,12.895000457763672,12.244999885559082,12.3100004196167,12.305000305175781,758400,12.305000305175781,12.890333302815755,-0.2268424202874293,-0.055008995673172134,27.526898745210605,18.80460337172025,38.44730215332848,40.69401995857919,-72.4731012547894,0.0
2009-11-05,12.850000381469727,12.255000114440918,12.5,12.84000015258789,908600,12.84000015258789,12.846333312988282,-0.19085161061220468,-0.08217751866097865,50.53764675818386,33.54839203660689,55.24366897133021,50.19051663139393,-49.46235324181614,0.0
2009-11-06,13.039999961853027,12.640000343322754,12.800000190734863,13.039999961853027,410800,13.039999961853027,12.817000007629394,-0.14452433493890382,-0.0946468819165637,59.139789797857944,45.73477843375082,60.00370983785298,53.20703585218857,-40.860210202142056,0.5
2009-11-09,13.489999771118164,13.005000114440918,13.255000114440918,13.484999656677246,639600,13.484999656677246,12.797666676839192,-0.07108248421969421,-0.08993400237718982,87.71083672864401,65.79609109489529,68.65688166441745,59.13684564424001,-12.289163271355987,1.0
2009-11-10,13.5,13.204999923706055,13.5,13.404999732971191,854400,13.404999732971191,12.776333300272624,-0.01911427618187922,-0.0757700571381277,94.82287383902498,80.55783345517565,65.67669441275946,57.72070503672276,-5.177126160975024,1.0
2009-11-11,13.609999656677246,13.345000267028809,13.494999885559082,13.390000343322754,318800,13.390000343322754,12.787000020345053,0.02062285032812916,-0.05649147564487633,88.68897954380529,90.40756337049145,65.05896619501766,57.442955275997896,-11.311020456194717,0.6379313746769006
2009-11-12,13.600000381469727,13.289999961853027,13.305000305175781,13.350000381469727,457600,13.350000381469727,12.790333366394043,0.04833002826889832,-0.0355271748621214,86.63242591248749,90.04809309843927,63.209272874585245,56.65994246304201,-13.367574087512503,0.5
2009-11-13,13.494999885559082,13.255000114440918,13.444999694824219,13.494999885559082,481000,13.494999885559082,12.811333338419596,0.08105407366636719,-0.012210925156423674,94.08741443897465,89.80293996508915,67.15815237491111,58.84970331654712,-5.9125855610253595,0.5
2009-11-16,13.895000457763672,13.40999984741211,13.510000228881836,13.875,448800,13.875,12.859666697184245,0.13608227706376752,0.017447715287614574,99.10311868538376,93.27431967894866,75.27286733508521,63.98527919453571,-0.8968813146162317,0.5638293123389404
2009-11-17,14.079999923706055,13.739999771118164,13.899999618530273,14.079999923706055,599800,14.079999923706055,12.945333353678386,0.19399801691854535,0.052757775613800746,100.0,97.73017770811948,78.60070355469357,66.42001233517291,-0.0,1.0
2009-11-18,14.104999542236328,13.800000190734863,13.960000038146973,13.845000267028809,549800,13.845000267028809,13.051000022888184,0.21841638160848298,0.0858894968127372,89.34429016718617,96.14913628418999,66.61132727104567,61.303709080324815,-10.655709832813828,1.0
2009-11-19,13.829999923706055,13.489999771118164,13.829999923706055,13.755000114440918,587200,13.755000114440918,13.131666692097982,0.22787900409021944,0.11428739826823366,85.65575868908844,91.66668295209155,62.36114967248709,59.41605740390863,-14.34424131091156,0.6774206449310585
2009-11-20,13.885000228881836,13.395000457763672,13.755000114440918,13.699999809265137,657800,13.699999809265137,13.244333330790202,0.2283083391937346,0.13709158645333386,83.4016474335799,86.13389876328485,59.64770260069144,58.23591997661266,-16.598352566420104,0.5
2009-11-23,14.229999542236328,13.704999923706055,13.96500015258789,13.854999542236328,637200,13.854999542236328,13.373999977111817,0.23840755947710157,0.15735478105808742,81.1083090750895,83.38857173258596,64.69802278001146,60.610360490320495,-18.891690924910506,0.5
2009-11-24,14.0600004196167,13.710000038146973,13.885000228881836,14.024999618530273,770800,14.024999618530273,13.49633331298828,0.2571644183825619,0.17731670852298234,89.62025402028164,84.71007017631705,69.57108609350216,63.089019614191294,-10.37974597971836,1.0
2009-11-25,14.055000305175781,13.880000114440918,13.984999656677246,13.979999542236328,581200,13.979999542236328,13.607999928792317,0.2653395647908887,0.19492127977656365,84.27672163792147,85.00176157776423,66.72654265533468,61.97724718891491,-15.723278362078531,0.8857117944861336
2009-11-27,13.944999694824219,13.579999923706055,13.579999923706055,13.845000267028809,127200,13.845000267028809,13.674999936421711,0.2579516083737481,0.20752734549600058,68.57147305771484,80.82281623863935,58.37316687782832,58.63875960966277,-31.42852694228516,0.5
2009-11-30,14.039999961853027,13.6899995803833,13.895000457763672,14.020000457763672,1278200,14.020000457763672,13.740333302815754,0.26318383313733307,0.21865864302426707,79.51227681686655,77.45349050416766,64.99973417918699,61.53153124456092,-20.48772318313345,0.5384626670774829
2009-12-01,14.239999771118164,13.989999771118164,14.125,14.079999923706055,1391000,14.079999923706055,13.779999987284343,0.26907019075472327,0.2287409525703583,83.75635500708236,77.28003496055463,67.09497124402097,62.49991260580143,-16.243644992917634,1.0
2009-12-02,14.225000381469727,13.954999923706055,14.005000114440918,14.015000343322754,877400,14.015000343322754,13.820666694641114,0.26543053072944467,0.23607886820217558,77.15741053612007,80.14201412002302,62.375575981202225,60.716722306717365,-22.842589463879936,1.0
2009-12-03,14.085000038146973,13.6899995803833,14.0,13.720000267028809,1039200,13.720000267028809,13.84266668955485,0.23602132626889016,0.23606735981551852,47.208153773017685,69.37397310540673,45.448717062616346,53.28605059913693,-52.791846226982315,0.0
2009-12-04,13.890000343322754,13.579999923706055,13.795000076293945,13.725000381469727,711400,13.725000381469727,13.86766668955485,0.21068909456691642,0.23099170676579808,39.0532771436246,54.47294715092081,45.73988738150769,53.39017194084747,-60.9467228563754,0.020833830039180157
2009-12-07,13.944999694824219,13.65999984741211,13.65999984741211,13.84000015258789,592600,13.84000015258789,13.89066670735677,0.19761466007929407,0.2243162974284973,52.66272857165429,46.30805316276555,52.537502097712,55.82873889075191,-47.33727142834571,0.5
2009-12-08,13.864999771118164,13.649999618530273,13.864999771118164,13.720000267028809,520600,13.720000267028809,13.880333391825358,0.1755464979142669,0.21456233752565124,38.46154714315058,43.39251761947653,45.58517597735657,52.72866195052187,-61.53845285684942,0.212121781348438
2009-12-09,13.819999694824219,13.524999618530273,13.819999694824219,13.579999923706055,805000,13.579999923706055,13.847000058492025,0.14508797882617763,0.2006674657857565,21.893445712750804,37.67257380918526,38.6276605196901,49.28987460123398,-78.1065542872492,0.0
2009-12-10,14.024999618530273,13.550000190734863,13.609999656677246,13.90999984741211,836800,13.90999984741211,13.85133336385091,0.14589582269767476,0.18971313716814017,60.9467228563754,40.43390523742563,56.77158956537705,56.492518390647284,-39.0532771436246,1.0
2009-12-11,14.045000076293945,13.765000343322754,14.024999618530273,13.845000267028809,839800,13.845000267028809,13.857333374023437,0.13968096663841045,0.17970670306219425,44.75532590312272,42.531831490749674,53.16008763342636,54.8402593036849,-55.24467409687728,1.0
2009-12-14,13.90999984741211,13.539999961853027,13.824999809265137,13.635000228881836,988400,13.635000228881836,13.853000068664551,0.11646783173590158,0.16705892879693574,15.384697465227575,40.362248741575264,42.87865638781026,49.7751026490084,-84.61530253477243,1.0
2009-12-15,13.645000457763672,13.390000343322754,13.5649995803833,13.425000190734863,1641800,13.425000190734863,13.82433344523112,0.08020149414879896,0.1496874418673084,4.117631879222116,21.419218415857504,34.98472805156378,45.27203867044275,-95.88236812077788,0.0
2009-12-16,13.545000076293945,13.414999961853027,13.489999771118164,13.425000190734863,851400,13.425000190734863,13.784333483378093,0.05087371975265498,0.1299246974443777,4.117631879222116,7.873320407890638,34.98472805156378,45.27203867044275,-95.88236812077788,0.0
2009-12-17,13.6850004196167,13.0649995803833,13.175000190734863,13.574999809265137,923600,13.574999809265137,13.757333501180012,0.03928214277485331,0.11179618651047282,43.40426775274597,17.213177170396772,44.85487265538861,49.08761007114943,-56.59573224725403,0.11904632152588555
2009-12-18,13.649999618530273,13.390000343322754,13.59000015258789,13.550000190734863,997600,13.550000190734863,13.737666829427083,0.027758491610111236,0.09498864753040051,41.276640989158956,29.599513540375714,43.56877628986084,48.48094457165929,-58.723359010841044,0.0
2009-12-21,13.729999542236328,13.524999618530273,13.524999618530273,13.654999732971191,415800,13.654999732971191,13.713333447774252,0.026789685757714565,0.08134885517586332,50.862046994735884,45.18098524554697,50.52046485070845,51.20842090433831,-49.137953005264116,0.472726610671457
2009-12-22,13.75,13.489999771118164,13.65999984741211,13.670000076293945,725600,13.670000076293945,13.686000124613445,0.026921962853407422,0.07046347671137214,59.31374748959374,50.484145157829566,51.51593995374521,51.6026180226177,-40.68625251040626,0.5
2009-12-23,13.675000190734863,13.335000038146973,13.65999984741211,13.395000457763672,387200,13.395000457763672,13.644666798909505,0.00478150425283097,0.05732708221966391,33.673541876499236,47.94977878694299,36.01729906080361,44.50386768204193,-66.32645812350076,0.21875521541139165
2009-12-24,13.484999656677246,13.380000114440918,13.390000343322754,13.4399995803833,96600,13.4399995803833,13.62600008646647,-0.00902982537349395,0.04405570070103233,38.26528675901733,43.75085870837014,39.492500153127516,45.81735831536038,-61.73471324098267,0.5
2009-12-28,13.574999809265137,13.345000267028809,13.479999542236328,13.359999656677246,125000,13.359999656677246,13.60166670481364,-0.02612952397599777,0.03001865576562631,30.10203336885282,34.01362066812317,35.49393781390296,43.831182625756355,-69.89796663114718,0.5
2009-12-29,13.479999542236328,13.295000076293945,13.369999885559082,13.295000076293945,245800,13.295000076293945,13.565333366394043,-0.044414103094199575,0.01513210399366113,23.469426481965346,30.612248869945205,32.385725719690655,42.22938361048736,-76.53057351803466,0.5
2009-12-30,13.300000190734863,13.024999618530273,13.210000038146973,13.149999618530273,401400,13.149999618530273,13.527333323160807,-0.06980047250289978,-0.0018544113056510568,12.2548964609349,21.942118770584397,26.374688569528374,38.82109676653261,-87.7451035390651,0.49585216408548893
2009-12-31,13.3149995803833,13.104999542236328,13.104999542236328,13.260000228881836,348800,13.260000228881836,13.506000010172526,-0.08011965372106289,-0.01750745978873343,23.039265184919238,19.5878627092732,36.76288880266192,42.60553819882626,-76.96073481508077,0.5
